Uma AALTONEN,23752
Damien ABAD,96850
Claudette ABELA BALDACCHINO,118860
Jean-Pierre ABELIN,1829
Victor ABENS,1802
William ABITBOL,4361
Carlos ABOIM INGLEZ,1680
Gérard d'ABOVILLE,2202
Lars ADAKTUSSON,124990
Gordon J. ADAM,1427
Adamos ADAMOU,28469
Dimitrios ADAMOU,1765
Magdalena ADAMOWICZ,197490
Asim ADEMOV,189525
János ÁDER,96659
Isabella ADINOLFI,124831
Matteo ADINOLFI,197826
Pietro ADONNINO,957
Filip ADWENT,28302
Magda G.H. AELVOET,1950
Jochen van AERSSEN,1797
Marco AFFRONTE,124797
Alejandro AGAG LONGO,4315
Laura AGEA,124811
Alex AGIUS SALIBA,197403
Maria Adelaide AGLIETTA,1114
Susanna AGNELLI,943
John Stuart AGNEW,96897
Vittorio AGNOLETTO,28975
Mazaly AGUILAR,198096
Clara AGUILERA,125045
Luis Marco AGUIRIANO NALDA,26898
Nuala AHERN,2230
Birgitta AHLQVIST,2129
Heinrich AIGNER,1762
Sylviane H. AINARDI,1133
Scott AINSLIE,197696
Vincenzo AITA,36583
Daniela AIUTO,124842
Tim AKER,99650
Alexandros ALAVANOS,1461
Siegbert ALBER,1271
Willem ALBERS,927
Gabriele ALBERTINI,28367
Marina ALBIOL GUZMÁN,125048
Jan Philipp ALBRECHT,96736
Blaise ALDO,2019
Mechthild von ALEMANN,942
Jean-Marie ALEXANDRE,1170
Alexander ALEXANDROV YORDANOV,197836
Georgios ALEXIADIS,950
Sonia ALFANO,97086
Nicolas ALFONSI,951
François ALFONSI,96750
Nedzhmi ALI,34250
Atidzhe ALIEVA-VELI,197848
Louis ALIOT,30190
Magdi Cristiano ALLAM,96992
Christian ALLARD,197644
Claude J.E. ALLEGRE,1171
Michèle ALLIOT-MARIE,1179
Jim ALLISTER,28512
Teresa ALMEIDA GARRETT,4451
Rui Manuel ALMEIDA MENDES,1813
Giorgio ALMIRANTE,1478
Abir AL SAHLANI,197400
Magdalena ALVAREZ,97024
José María ALVAREZ DE EULATE PEÑARANDA,1795
José ÁLVAREZ DE PAZ,1359
Alexander Nuno PICKART ALVARO,28246
Luís Paulo ALVES,96976
Konstantinos ALYSSANDRAKIS,4509
Giuseppe AMADEI,1790
Amedeo AMADEO,2035
Rui AMARAL,1380
Álvaro AMARO,197746
Werner AMBERG,1827
Gianfranco AMENDOLA,1134
Giorgio AMENDOLA,928
Andris AMERIKS,197783
László A. NAGY,23867
Roberta Alma ANASTASE,33964
Georgios ANASTASSOPOULOS,1462
Hedy d'ANCONA,1432
Ettore Giovanni ANDENNA,1828
Amelia ANDERSDOTTER,108570
Bent Hindrup ANDERSEN,23645
Christine ANDERSON,197475
Lucy ANDERSON,124949
Martina ANDERSON,113959
Axel ANDERSSON,2105
Max ANDERSSON,124994
Jan ANDERSSON,2107
Ole ANDREASEN,4441
Marta ANDREASEN,96954
Georgs ANDREJEVS,28620
Anne ANDRÉ-LÉONARD,1817
Josefa ANDRÉS BAREA,96986
Rasmus ANDRESEN,197448
Niall ANDREWS,1441
Alfonso ANDRIA,28363
Generoso ANDRIA,5918
Eric ANDRIEU,113892
Laima Liucija ANDRIKIENĖ,28276
Mathilde ANDROUËT,197691
Nikos ANDROULAKIS,125110
Emmanouil ANGELAKAS,39316
Roberta ANGELILLI,1941
Didier H.M.F. ANGER,1083
Magdeleine ANGLADE,1772
Charalampos ANGOURAKIS,99419
Gerolf ANNEMANS,124973
Julio AÑOVEROS TRIAS de BES,2004
Gustave ANSART,936
Andrus ANSIP,124696
Vincent F.M. ANSQUER,937
Antonello ANTINORO,97193
Rapisardo ANTINUCCI,72723
Alin Lucian ANTOCHI,95280
Elena Oana ANTONESCU,96702
Alfredo ANTONIOZZI,28422
Dario ANTONIOZZI,1789
Bernard ANTONY,1209
Sirkka-Liisa ANTTILA,2296
Pedro APARICIO SÁNCHEZ,2006
José APOLINÁRIO,1874
Attila ARA-KOVÁCS,197587
María Jesús ARAMBURU DEL RÍO,1971
Víctor Manuel ARBELOA MURU,1360
Aline ARCHIMBAUD,1869
Javier AREITIO TOLEDO,1884
Maria ARENA,124936
Gaetano ARFE',938
Pedro ARGÜELLES SALAVERRIA,1826
Stelios ARGYROS,2184
Miguel ARIAS CAÑETE,1351
Pablo ARIAS ECHEVERRÍA,96808
Kader ARIF,28137
Pascal ARIMONT,24922
Pino ARLACCHI,97228
Bartosz ARŁUKOWICZ,197492
Clotilde ARMAND,197664
Stavros ARNAOUTAKIS,28578
Marie-Christine ARNAUTU,124748
Rudi ARNDT,1786
Jonathan ARNOTT,124958
Aldo ARRONI,2033
Kriton ARSENIS,97009
Jean ARTHUIS,124773
Konstantinos ARVANITIS,197701
Per-Arne ARVIDSSON,4269
Richard ASHWORTH,28132
Anna-Michelle ASIMAKOPOULOU,197695
Francisco ASSIS,28307
Alexandru ATHANASIU,33994
Sir Robert ATKINS,4537
Janice ATKINSON,124938
John ATTARD-MONTALTO,23938
Elspeth ATTWOOLL,4547
Marie-Hélène AUBERT,28213
Manon AUBRY,197533
Sophie AUCONIE,96862
Jean-Pierre AUDY,33775
Corrado AUGIAS,2136
Margrete AUKEN,28161
Marie-Christine AULAS,1124
Danielle AUROI,4386
Petras AUŠTREVIČIUS,124766
Claude AUTANT-LARA,1034
Evangelos AVEROF-TOSSITSAS,1763
Ioannis AVEROFF,4484
Paraskevas AVGERINOS,1463
María Antonia AVILÉS PEREA,4323
Carmen AVRAM,197651
Inés AYALA SENDER,28292
Liam AYLWARD,28114
Pilar AYUSO,4319
Malik AZMANI,197781
Claudio AZZOLINI,2140
Jason AZZOPARDI,26818
Johannes Cornelis van BAALEN,96937
Georges BACH,97293
Roselyne BACHELOT-NARQUIN,28179
Jean-Paul BACHY,1769
Peter BACO,28195
Monique BADÉNES,1818
Maria BADIA i CUTCHET,28342
Maria Fabrizia BADUEL GLORIOSO,906
Mariela Velichkova BAEVA,38606
Gianni BAGET BOZZO,1093
Jean BAGGIONI,2201
Zoltán BAGÓ,23813
Louis BAILLOT,1787
Emmanouil BAKOPOULOS,4511
Guillaume BALAS,124744
Zigmantas BALČYTIS,96680
Zoltán BALCZÓ,96877
Francesco BALDARELLI,1939
Raffaele BALDASSARRE,96757
Simona BALDASSARRE,197789
Monica Stefania BALDI,2131
Valerio BALDINI,2090
Marino BALDINI,119439
Richard A. BALFE,1428
Neil R. BALFOUR,939
Mihály BALLA,23814
István BALSAI,23822
Francisco Pinto BALSEMÃO,1791
Marek Paweł BALT,197495
Alexandros BALTAS,4489
Burkhard BALZ,96997
Francesca BALZANI,96979
Juan María BANDRÉS MOLET,1155
Martin BANGEMANN,933
Erik BÁNKI,113883
Mary Elizabeth BANOTTI,1426
José BARATA MOURA,1888
Giovanni BARBAGALLO,123792
Giovanni BARBAGLI,934
Carla BARBARELLA,1773
Paolo BARBI,935
Tiberiu BĂRBULEȚIU,33967
Jordan BARDELLA,131580
Otto BARDONG,1825
Nikolay BAREKOV,124871
Katarina BARLEY,197433
Michel BARNIER,72776
Enrique BARÓN CRESPO,1352
Francesca BARRACCIU,116823
Carlos BARRAL AGESTA,1758
Pernando BARRENA ARZA,197684
Heribert BARRERA I COSTA,7
Sylvester BARRETT,1824
José BARROS MOURA,1371
Etelka BARSI-PATAKY,28136
Pietro BARTOLO,197808
Paolo BARTOLOZZI,21818
Roger BARTON,981
Michèle BARZACH,1180
Roberto BARZANTI,1135
Elena BĂSESCU,96814
Traian BĂSESCU,197671
Amjad BASHIR,124956
Domenico Antonio BASILE,72722
Alessandra BASSO,197610
Regina BASTOS,5956
Mindaugas BASTYS,23740
Robert BATAILLY,1477
Gerard BATTEN,28497
Robert C. BATTERSBY,1784
Alessandro BATTILOCCHIO,28427
Katerina BATZELI,28579
Dominique BAUDIS,1759
Pierre BAUDIS,930
Denis BAUDOUIN,1822
Edit BAUER,23866
Charles E. BAUR,1035
Daniel BAUTISTA,96101
Carlos BAUTISTA OJEDA,4376
José Ramón BAUZÁ DÍAZ,197779
Nicolas BAY,124760
Hugues BAYET,125002
Bernardo BAYONA AZNAR,1760
Juan José BAYONA de PEROGORDO,22687
François BAYROU,4324
Jean-Pierre BAZIN,2022
Catherine BEARDER,96955
Jean Marie BEAUPUY,28205
Christopher BEAZLEY,1429
Peter BEAZLEY,1421
Jean-Pierre BEBEAR,2204
George BECALI,96846
Beatriz BECERRA BASTERRECHEA,125040
Christophe BÉCHU,97002
Gunnar BECK,132191
Heinz K. BECKER,107041
Hans-Joachim BECKMANN,1823
Zsolt László BECSEY,28138
Glenn BEDINGFIELD,94508
Angelika BEER,28234
Nicola BEER,197437
Tiziana BEGHIN,124777
Panagiotis BEGLITIS,28580
Aurelia BEIGNEUX,197680
Luis Filipe Pais BEIRÔCO,1138
Bas BELDER,4507
Ivo BELET,28257
Sandrine BÉLIER,96738
Marek BELKA,197496
François-Xavier BELLAMY,197534
Spalato BELLERE',2134
Maria BELO,1362
Irena BELOHORSKÁ,28196
Malika BENARAB-ATTOU,96732
Carlos Manuel BENCOMO MENDOZA,1761
Bendt BENDTSEN,96705
Adrian-Dragoş BENEA,197658
Miroslav BENEŠ,23690
Gérard BENHAMOU,1820
Brando BENIFEI,124867
Xabier BENITO ZILUAGA,135490
Isabel BENJUMEA BENJUMEA,197679
Jean-Luc BENNAHMIAS,28214
Francisca BENNASAR TOUS,2003
Phil BENNION,112014
Jean-Paul BENOIT,1210
Monika BEŇOVÁ,23868
Hildegard BENTELE,197408
Rolf BEREND,1842
Tom BERENDSEN,197778
Luis BERENGUER FUSTER,4333
Pervenche BERÈS,1985
Lars Patrick BERG,197478
Eiki BERG,23859
Margrietus van den BERG,4480
María Luisa BERGAZ CONESA,25340
Maria BERGER,2285
Joëlle BERGERON,124740
Stefan BERGER,197410
Erik BERGKVIST,197396
Cornelis BERKHOUWER,926
Sergio BERLATO,4746
Enrico BERLINGUER,931
Luigi BERLINGUER,97156
Giovanni BERLINGUER,28369
Silvio BERLUSCONI,4391
Thijs BERMAN,28174
Pierre BERNARD,932
Pierre BERNARD-REYMOND,1036
Antoine-François BERNARDINI,1986
Alexander BERNHUBER,197648
Jean-Louis BERNIÉ,4416
Nora BERRA,96947
Giovanni BERSANI,1781
Pier Luigi BERSANI,28329
Jan Willem BERTENS,1281
Georges BERTHU,2217
Fausto BERTINOTTI,2023
Fabrizio BERTOT,118709
Jean BESSE,1821
Jean-Paul BESSET,96699
The Lord Nicholas BETHELL,1422
Virginio BETTINI,959
Goffredo Maria BETTINI,124819
Vincenzo BETTIZA,977
Bouke BEUMER,1451
Luc Ch.H. BEYER DE RYKE,1780
Ward BEYSEN,4752
Gerardo BIANCO,2143
Jean-Jacob BICEP,113891
Robert BIEDROŃ,197498
Adam BIELA,24091
Adam BIELAN,23788
Roberto Felice BIGLIARDO,4468
Stéphane BIJOUX,197551
Izaskun BILBAO BARANDICA,96922
Vladimír BILČÍK,197771
Dominique BILDE,124771
Angela Theodora BILLINGHAM,2172
Rosaria BINDI,1115
Slavi BINEV,38610
John A.W. BIRD,1423
Šarūnas BIRUTIS,28216
Gabriele BISCHOFF,197435
Lothar BISKY,96650
Philipp von BISMARCK,1778
Benoît BITEAU,197512
Mara BIZZOTTO,97198
Birgit BJØRNVIG,1242
Malin BJÖRK,124992
Leonie G.L. van BLADEL,1949
Vasile BLAGA,197637
Freddy BLAK,1274
José BLANCO LÓPEZ,125044
Neil BLANEY,1019
Hynek BLAŠKO,197564
Vilija BLINKEVIČIŪTĖ,96681
Georgi BLIZNASHKI,34230
Undine-Uta BLOCH von BLOTTNITZ,1815
Johannes BLOKLAND,1969
Godfrey BLOOM,28513
Michael BLOSS,197449
Yvan M. BLOT,1211
Roland BLUM,1766
Erik Bernhard BLUMENFELD,1776
Kazys Jaunutis BOBELIS,23748
Jana BOBOŠÍKOVÁ,28359
Gisèle BOCHENEK-FORRAY,1707
Reinhold L. BOCKLET,1272
Andrea BOCSKOR,124712
Fernand BODEN,929
Guido BODRATO,4399
Sebastian Valentin BODU,39722
Jørgen BØGH,1779
Damian BOESELAGER,197439
Alfons BOESMANS,1819
Christian Ulrik von BOETTICHER,4288
Pedro BOFILL ABEILHE,1226
Ioan-Rareş BOGDAN,197636
Reimer BÖGE,1037
Franc BOGOVIČ,125004
Bruno BOISSIÈRE,1834
Lajos BOKROS,96878
Alain BOMBARD,1212
Manuel BOMPARD,197521
Aldo BONACCINI,1770
Simona BONAFÈ,124814
Franco BONANINI,118710
Jens-Peter BONDE,1275
Andrea BONETTI,1136
Anna BONFRISCO,197788
Michał BONI,124896
Emma BONINO,1566
Gian Piero BONIPERTI,2034
Margherita BONIVER,1816
Josef BONNICI,23934
Guy BONO,28140
Vito BONSIGNORE,29074
Rinaldo BONTEMPI,1020
Louis BONTES,96893
Johanna L.A. BOOGERD-QUAAK,1968
Elise C.A.M. BOOT,1737
Graham BOOTH,23286
Paolo BORCHIA,101039
André BORD,924
Armonia BORDES,4406
Mario BORGHEZIO,21817
Franco BORGO,1012
Preslav BORISSOV,116816
Jean-Louis BORLOO,986
Josep BORRELL FONTELLES,28267
David BORRELLI,124796
Rita BORSELLINO,96916
Piotr BORYS,96799
Biljana BORZAN,112748
Bob van den BOS,4561
Herbert BÖSCH,2048
Enrico BOSELLI,4458
Bodil BOSERUP,1738
Erminio Enzo BOSO,72753
Umberto BOSSI,2036
Peter BOSSU,4750
Victor BOŞTINARU,39711
Marc BOTENGA,187917
Costas BOTOPOULOS,39318
Vlad-Marius BOTOŞ,197668
Gerhard BOTZ,1843
Yasmine BOUDJENAH,4355
Philippe BOULLAND,105624
Alima BOUMEDIENE-THIERY,4388
Geert BOURGEOIS,197467
Jean-Louis BOURLANGES,1026
Leonidas BOURNIAS,731
Louise BOURS,124964
Catherine BOURSIER,58711
Bernadette BOURZAI,28143
Marie-Christine BOUTONNET,124753
Ioannis BOUTOS,1814
Theodorus J.J. BOUWMAN,4506
Giuseppe BOVA,41003
José BOVÉ,96744
David Robert BOWE,1321
John BOWIS,4527
Sharon BOWLES,33570
Gilles BOYER,197577
Roland BOYES,925
Lynn BOYLAN,124984
Emine BOZKURT,28171
Philip BRADBOURN,4540
Iles BRAGHETTO,34174
Jürgen BRAND,1889
Willy BRANDT,919
Paul BRANNEN,124954
Franziska Katharina BRANTNER,96662
Arkadiusz Tomasz BRATKOWSKI,111126
Ursula BRAUN-MOSER,941
Frédérique BREDIN,1982
Mihael BREJC,23713
Cees BREMMER,25703
Georges de BRÉMOND d'ARS,1741
Frieda BREPOELS,28463
Mercedes BRESSO,28346
Hiltrud BREYER,1059
Patrick BREYER,197431
Jan BŘEZINA,28354
Milan BRGLEZ,197446
Renata BRIANO,124787
Yvon BRIANT,1172
Saskia BRICMONT,197470
André BRIE,4298
Giuseppe BRIENZA,21905
Jürgen BRINCKMEIER,1754
Mathilde M. van den BRINK,948
Laurens Jan BRINKHORST,1967
Steeve BRIOIS,124757
Rogério BRITO,1840
José António BRITO APOLONIA,1755
Július BROCKA,26835
Elmar BROK,1263
Andrew Henry William BRONS,96749
Beate Ann BROOKES,1739
Jane BROPHY,197716
Joachim Stanisław BRUDZIŃSKI,197501
Annika BRUNA,182995
Sylvie BRUNET,197576
Renato BRUNETTA,4422
Paulin-Christian BRUNÉ,1756
Carlos María BRU PURÓN,1353
Zuzana BRZOBOHATÁ,96716
Dominique BUCCHINI,920
Janey O'Neil BUCHAN,1366
Markus BUCHHEIT,128483
Klaus BUCHNER,124818
Hubert Jean BUCHOU,1767
Daniel BUDA,125012
Danutė BUDREIKAITĖ,28268
José Miguel BUENO VICENTE,1768
Stéphane BUFFETAUT,2317
John BUFTON,96798
Paul van BUITENEN,28264
Kathalijne Maria BUITENWEG,4504
Wolfgang BULFON,37761
David BULL,197715
Udo BULLMANN,4267
Jonathan BULLOCK,188733
Nicodim BULZESC,39720
Judith BUNTING,197739
Gianluca BUONANNO,124869
Staffan BURENSTAM LINDER,2260
Ieke van den BURG,4483
Colm BURKE,38724
Delara BURKHARDT,197440
Martine BURON,1181
Giovanni M.S. BURTONE,1953
Daniela BURUIANĂ-APRODU,33966
Martin BUSCHMANN,197434
Philip BUSHILL-MATTHEWS,4535
Zdravka BUŠIĆ,119438
Niels BUSK,4442
Cristian-Silviu BUŞOI,38420
Philippe BUSQUIN,4248
Simon BUSUTTIL,28120
Yves BUTEL,4414
Reinhard BÜTIKOFER,96739
Antonino BUTTAFUOCO,1764
Rocco BUTTIGLIONE,4407
Jorge BUXADÉ VILLALBA,197829
Professor Jerzy BUZEK,28269
Esteban CAAMAÑO BERNAL,1731
Pío CABANILLAS GALLAS,1354
Jesús CABEZÓN ALONSO,1355
Soledad CABEZÓN RUIZ,125041
Richard G. CABORN,921
José CABRERA BAZAN,1728
Milan CABRNOCH,28324
Christian E.A. CABROL,2021
Ernesto CACCAVALE,2141
Massimo CACCIARI,4405
Alain CADEC,96849
Henri-Guy CAILLAVET,917
Joan CALABUIG RULL,28322
Carlo CALENDA,197617
Maddalena CALIA,93776
Luigi CALIGARIS,2085
Martin CALLANAN,4536
Giorgio CALÒ,25421
Enrique CALVET CHAMBON,129407
Corentin CALVEZ,918
Rafael CALVO ORTEGA,1346
Leopoldo CALVO-SOTELO,1717
Juan José de la CÁMARA MARTÍNEZ,1227
Michel de CAMARET,1757
Felipe CAMISÓN ASENSIO,2276
Wim van de CAMP,96754
David CAMPBELL BANNERMAN,96912
Jorge CAMPINOS,1783
Marco CAMPOMENOSI,35016
António CAMPOS,2162
Luis CAMPOY ZUECO,1994
Mogens CAMRE,4439
Jordi CAÑAS,126644
Pedro Manuel CANAVARRO,1201
Antonio CANCIAN,96733
Carlos CANDAL,2272
Pascal CANFIN,96711
Eusebio CANO PINTO,1347
Antonio Nicola CANTALAMESSA,1812
Manuel CANTARERO DEL CASTILLO,1749
Mario CAPANNA,912
Luis Manuel CAPOULAS SANTOS,28311
Marco CAPPATO,4740
António CAPUCHO,964
Nicola CAPUTO,124851
Umberto CARDIA,913
Maria Celeste CARDONA,2311
Raquel CARDOSO,25803
Damien CARÊME,197574
Tullia CARETTONI ROMAGNOLI,900
Antonio CARIGLIA,1013
Alain CARIGNON,1750
Marie-Arlette CARLOTTI,2031
Gunilla CARLSSON,2261
Carlos CARNERO GONZÁLEZ,1973
Pierre CARNITI,1085
Giorgio CAROLLO,28415
Salvatore CARONNA,96866
Andrea CAROPPO,197797
Angelo CAROSSINO,1730
Massimo CARRARO,4417
Hélène CARRÈRE D'ENCAUSSE,2011
Maria CARRILHO,4446
Gaetano CARROZZO,2336
Hadar CARS,2108
Matt CARTHY,124986
Carlos CARVALHAS,1139
Maria Da Graça CARVALHO,96867
José Vicente CARVALHO CARDOSO,1372
James CARVER,124971
David CASA,28122
Paulo CASACA,4447
Massimo CASANOVA,197796
Michael CASHMAN,4532
Carlo CASINI,988
Pier Ferdinando CASINI,2189
José Ramón CASO GARCIA,1147
Daniel CASPARY,28219
Jean-Pierre CASSABEL,1751
Maria Luisa CASSANMAGNAGO CERRETTI,949
Bryan M.D. CASSIDY,1424
Bernard CASTAGNÈDE,2238
Pierluigi CASTAGNETTI,2102
Fabio Massimo CASTALDO,124812
Luciana CASTELLINA,947
Françoise CASTEX,28148
Giuseppe CASTIGLIONE,28459
Pilar del CASTILLO VERA,28390
Barbara A. CASTLE,1706
Frits CASTRICUM,1948
Giusto CATANIA,28979
Anna CATASTA,1116
Sir Fred CATHERWOOD,1417
Gérard CAUDRON,1175
Isabelle CAULLERY,4363
Chantal CAUQUIL,4409
Jean-Marie CAVADA,28206
Anna CAVAZZINI,86793
Luciano CAVERI,5917
Janine CAYET,1880
Susanna CECCARDI,197786
Adriana CECI,993
Manlio CECOVINI,914
Charlotte CEDERSCHIÖLD,2110
Marco CELLAI,1809
Giorgio CELLI,4400
Domenico CERAVOLO,915
Alejandro CERCAS,4337
Sara CERDAS,197641
Carmen CERDEIRA MORTERERO,4329
José Emilio CERVERA CARDONA,1810
Giovanni CERVETTI,1811
Lorenzo CESA,28451
Luigi CESARO,4563
Andrea ČEŠKOVÁ,96719
Ozan CEYHUN,2337
Pierre M.A. CEYRAC,1161
Catherine CHABAUD,197505
Henry CHABERT,1162
Dominique CHABOCHE,1752
Mohammed CHAHIM,197782
Leila CHAIBI,197529
Robert CHAMBEIRON,1723
Raphaël M.G. CHANTERIE,1471
Dita CHARANZOVÁ,124708
Olivier CHASTEL,197463
Jorgo CHATZIMARKAKIS,28243
Aymeric CHAUPRADE,124752
Mladen Petrov CHERVENYAKOV,37525
Raymond CHESA,1877
Claude CHEYSSON,1163
Mauro CHIABRANDO,1014
Giles CHICHESTER,2097
Giulietto CHIESA,28973
Nessa CHILDERS,96603
Roger CHINAUD,1807
Caterina CHINNICI,124861
Jacques CHIRAC,916
Călin Cătălin CHIRIȚĂ,95018
Vittorino CHIUSANO,1808
Zdzisław Kazimierz CHMIELEWSKI,28274
Louis CHOPIER,1805
Nikolaos CHOUNTIS,26851
Nicole CHOURAQUI,1774
Ellie CHOWNS,197714
Asger CHRISTENSEN,197558
Frode Nør CHRISTENSEN,1276
Ib CHRISTENSEN,1048
Ole CHRISTENSEN,28154
Ejner Hovgård CHRISTIANSEN,1144
Doros CHRISTODOULIDIS,23728
Efthymios CHRISTODOULOU,1464
Lefteris CHRISTOFOROU,26837
Christina CHRISTOVA,34248
Andrzej CHRONOWSKI,23879
Sylwester CHRUSZCZ,28325
Nikos CHRYSOGELOS,111823
Kostas CHRYSOGONOS,125061
Zbigniew CHRZANOWSKI,23800
Desislav CHUKOLOV,38603
Michelangelo CIANCAGLINI,1753
Fabio CIANI,41005
Danuta CIBOROWSKA,23758
Roberto CICCIOMESSERE,1806
Salvatore CICU,124854
Grażyna  Jolanta CIEMNIAK,23759
Boriss CILEVIČS,23855
Włodzimierz CIMOSZEWICZ,197507
Maria Lisa CINCIARI RODANO,1705
Gaetano CINGARI,907
Angelo CIOCCA,183793
Dacian CIOLOS,197631
Silvia CIORNEI,33995
Adrian-Mihai CIOROIANU,33996
Paolo CIRINO POMICINO,28978
Alberto CIRIO,124772
Tudor CIUHODARU,197657
Miroslav ČÍŽ,197761
Philip CLAEYS,24030
Derek Roland CLARK,28493
Nicholas CLEGG,4518
Jean-José CLEMENT,908
Mark CLINTON,1725
Minodora CLIVETI,113597
Deirdre CLUNE,124988
Frank CLUSKEY,909
Ann CLWYD,901
Kenneth COATES,1322
David COBURN,124967
Yves COCHET,1202
Luigi COCILOVO,4470
José CODERCH PLANAS,1804
Carlos COELHO,1892
Sergio Gaetano COFFERATI,96915
Robert COHEN,1722
Daniel COHN-BENDIT,1934
António Antero COIMBRA MARTINS,1373
Luigi Alberto COLAJANNI,1137
Nathalie COLIN-OESTERLÉ,197536
Juan Luis COLINO SALAMANCA,1348
Marcel G.B. COLLA,910
Gilbert COLLARD,197683
Arnaldo COLLESELLI,911
Ombretta COLLI,2195
Birgit COLLIN-LANGEN,112788
Giovanni COLLINO,97195
Michel COLLINOT,1801
Jane COLLINS,124955
Gerard COLLINS,2106
Kenneth D. COLLINS,1418
Francisque COLLOMB,905
Trevor COLMAN,94283
Jacques COLOMBIER,191510
Emilio COLOMBO,968
Maria Paola COLOMBO SVEVO,2051
Joan COLOM i NAVAL,1349
Michele COLUMBU,1799
Francis COMBE,902
Lara COMI,96775
Therese COMODINI CACHIA,124968
Francesco COMPASSO,1800
Renée CONAN,1835
Fernando CONDESSO,1719
Rosanna CONTE,197616
Felice CONTU,1086
Patrick Mark COONEY,1286
Maurits P.-A. COPPIETERS,903
Maria Teresa COPPO GAVAZZI,1879
Anna Maria CORAZZA BILDT,96674
Richard CORBETT,2309
Dorette CORBEY,4558
Giovanna CORDA,39023
Titus CORLĂȚEAN,33968
Francesco CORLEONE,996
David CORMAND,197503
Petrus A.M. CORNELISSEN,1452
Marije CORNELISSEN,96726
Thierry CORNILLET,4338
Ignazio CORRAO,124856
María Auxiliadora CORREA ZAMORA,111496
António Fernando CORREIA DE CAMPOS,96975
Fausto CORREIA,28309
Quinídio CORREIA,2274
John Alexander CORRIE,357
Massimo CORSARO,21815
Ricardo CORTÉS LASTRA,96987
Dumitru Gheorghe Mircea COȘEA,33976
Francesco COSENTINO,904
Armando COSSUTTA,4401
António COSTA,28303
Paolo COSTA,4747
Raffaele COSTA,4392
Silvia COSTA,96917
Carlos COSTA NEVES,2158
Roberto COSTANZO,1720
Alfred COSTE-FLORET,1798
Emer COSTELLO,112071
Jean-Pierre COT,1027
Jean Louis COTTIGNY,2315
Richard J. COTTRELL,1721
John de COURCY LING,1713
Javier COUSO PERMUY,125997
Pierre-Bernard COUSTÉ,897
Paul Marie COÛTEAUX,4383
Yannis COUTSOCHERAS,899
Simon COVENEY,28118
Pat COX,1287
Andrea COZZOLINO,96880
Michael CRAMER,28238
Birgit CRAMON DAIBER,1060
Peter Duncan CRAMPTON,1323
João CRAVINHO,980
Baroness Christine M. CRAWLEY,1367
Bettino CRAXI,1118
Jan CREMERS,40818
Irene CREPAZ,2049
Rodolfo CRESPO,1745
Edith CRESSON,870
Corina CREȚU,33997
Gabriela CREȚU,33977
Jürgen CREUTZMANN,96873
Andi CRISTEA,40224
Rosario CROCETTA,96886
Tarja CRONBERG,107973
Jerry (Jeremiah) CRONIN,898
Lambert V.J. CROUX,1714
Brian CROWLEY,2109
Jean E. CRUSOL,1796
Joaquim CRUZ,124527
George Robert CRYER,1794
Pál CSÁKY,124930
Katalin CSEH,197588
Magor Imre CSIBI,39719
Ciarán CUFFE,197654
Arlindo CUNHA,2156
Artur DA CUNHA OLIVEIRA,1270
Tony A. CUNNINGHAM,2014
David M. CURRY,1716
Joseph CUSCHIERI,110984
John Walls CUSHNAHAN,1288
Josianne CUTAJAR,197394
George Sabin CUTAȘ,96856
Zygmunt Alojzy CYBULSKI,23715
Tadeusz CYMAŃSKI,96786
Marek Aleksander CZARNECKI,28371
Ryszard CZARNECKI,28372
Edward CZESAK,132925
Imre CZINEGE,23803
Frédéric DAERDEN,97125
Hanne DAHL,40817
Daniel DĂIANU,39716
Georgios DALAKOURAS,894
Massimo D'ALEMA,28431
Peter van DALEN,96809
Miriam DALLI,124970
Joachim DALSASS,1087
Daniel DALTON,35135
Jakop DALUNDE,183338
Margaret E. DALY,1368
Clare DALY,197731
Ian M. DALZIEL,895
Rijk van DAM,2318
Rosa D'AMATO,124835
Félix DAMETTE,896
Elisa Maria DAMIÃO,2330
André R.J.-M.H.-A DAMSEAUX,646
Seb DANCE,124952
Viorica DĂNCILĂ,95281
Giampaolo V.E. D'ANDREA,2144
Spyros DANELLIS,99325
Alessandro DANESIN,2250
Francescopaolo D'ANGELOSANTE,891
Johan DANIELSSON,38542
Arnaud DANJEAN,96747
Pieter DANKERT,1453
Nicola DANTI,124821
Michel DANTIN,97296
Gianantonio DA RE,197608
Danielle DARRAS,1979
William (The Earl of) DARTMOUTH,96958
Michel J.M. DARY,1959
Katerina DASKALAKI,2190
Rachida DATI,72775
Martin Edward DAUBNEY,197760
Joseph DAUL,4342
Noel Michael DAVERN,892
Mário DAVID,96973
Dragoș Florin DAVID,39712
Wayne DAVID,1314
Ivan DAVID,197556
Chris DAVIES,4554
Francesco DE ANGELIS,96887
Philippe DE BACKER,109337
Rika M.R. DE BACKER-VAN OCKEN,1735
Michel DEBATISSE,1710
Antonio DE BLASIO,36748
Michel J.-P. DEBRÉ,888
Bairbre de BRÚN,28511
Paolo DE CASTRO,96891
Jérémy DECERLE,197504
Willy C.E.H. DE CLERCQ,1296
Philippe C. DE COENE,2244
Francis DECOURRIÈRE,2026
Laura DE ESTEBAN MARTIN,1999
Jean P.M.O.G. DEFRAIGNE,1297
Biagio DE GIOVANNI,1130
Karel DE GUCHT,1472
Arūnas DEGUTIS,28270
Jean-Luc DEHAENE,28256
Jean-Maurice DEHOUSSE,5518
Paul Ph. M.H. DE KEERSMAEKER,889
Véronique DE KEYSER,22097
Suzanne DEKKER,871
Angélique DELAHAYE,124732
Mercedes DE LA MERCED MONGE,1990
Charles DELATTE,890
Gwendoline DELBOS-CORFIELD,197531
Claude A.F. DELCROIX,1830
Antonio DEL DUCA,893
Gustave DELEAU,884
Andor DELI,124714
Gianfranco DELL'ALBA,2043
Benedetto DELLA VEDOVA,4739
Karima DELLI,96868
Marcello DELL'UTRI,4394
Fernand L. DELMOTTE,883
Robert DELOROZOY,1703
Jacques L.J. DELORS,885
Ottaviano DEL TURCO,28432
Stefano DE LUCA,2198
Belinda DE LUCY,197736
Anne DELVAUX,96914
Mady DELVAUX,124776
Luigi de MAGISTRIS,97129
Filip DE MAN,197472
Danielle DE MARCH-WALLER,1691
Mario DE MARCO,26817
Susy DE MARTINI,118708
Fabio DE MASI,124858
Aldo DE MATTEO,1863
Eurico DE MELO,2154
Mark DEMESMAEKER,117477
Panayiotis DEMETRIOU,23730
Gianni DE MICHELIS,28452
Özlem DEMIREL,197468
Luigi Ciriaco DE MITA,1746
Isabella DE MONTE,124803
Gábor DEMSZKY,28203
Jean-Paul DENANOT,94282
Jean-François DENIAU,1747
Xavier DENIAU,886
Jacques DENIS,887
Marie-José DENYS,1001
Anna DEPARNAY-GRUNENBERG,197453
Pancrazio DE PASQUALE,1704
Cesare DE PICCOLI,1131
Antonio DE POLI,28417
Gérard DEPREZ,1473
Stéphane DERMAUX,1740
Proinsias DE ROSSA,1289
Claude J.-M.J. DESAMA,1474
Marielle de SARNEZ,4335
Marie-Hélène DESCAMPS,22859
Pierre M.L.L.C. DESCHAMPS,878
Andrea Carmine DE SIMONE,2100
Harlem DÉSIR,4318
Barry DESMOND,1279
Eileen DESMOND,872
Marie-Jacqueline DESOUCHES,873
Albert DESS,28228
Dimitrios DESSYLAS,1465
Petra DE SUTTER,197471
Michael DETJEN,190799
Tamás DEUTSCH,96826
Nirj DEVA,4556
Sile DE VALERA,863
Christine DE VEYRAC,4347
Gilbert DEVÈZE,1736
Mia DE VITS,28259
Lorenzo DE VITTO,1088
Gijs M. de VRIES,1454
August M.C. DE WINTER,1732
Jan DHAENE,22950
Dinesh DHAMIJA,197693
Mircea DIACONU,124805
Alfredo DIANA,879
Ramón DIAZ DEL RIO JAUDENES,1733
Agustín DÍAZ DE MERA GARCÍA CONSUEGRA,28397
Mario DI BARTOLOMEI,1698
Jolanta DIČKUTĖ,28272
Geoffroy DIDIER,190774
Mario DIDO',1699
Gintaras DIDŽIOKAS,23747
Marie-Madeleine DIENESCH,864
Roberto DIETRICH,125380
Carmen DÍEZ DE RIVERA ICAZA,1312
Rosa DÍEZ GONZÁLEZ,4327
Nel B.M. van DIJK,1433
Giuseppe DI LELLO FINUOLI,4464
André F.E. DILIGENT,880
Karel C.C. DILLEN,1298
Koenraad DILLEN,24029
Giorgos DIMITRAKOPOULOS,2185
Chrysanthos DIMITRIADIS,1748
Konstantin DIMITROV,37488
Martin DIMITROV,34252
Philip Dimitrov DIMITROV,37526
Aristides DIMOPOULOS,1734
Ioannis DIMOPOULOS,881
Vasile DÎNCU,33998
Marguerite-Marie DINGUIRARD,1836
Armando DIONISI,28426
André Jorge DIONÍSIO BRADFORD,197640
Antonio DI PIETRO,4404
Pietro Antonio DI PRIMA,2193
Elio DI RUPO,1294
Martina DLABAJOVÁ,124709
Alexandra DOBOLYI,28637
Klára DOBREV,197579
Anneliese DODDS,124969
Diane DODDS,96951
Jørn DOHRMANN,124878
Christian DOLESCHAL,197473
Valdis DOMBROVSKIS,28618
Mireille Conception DOMENECH,1125
Leonardo DOMENICI,96888
Teresa DOMINGO SEGARRA,1000
Anna Julia DONÁTH,197595
Francesca DONATO,197822
Tomislav DONCHEV,124843
Jacques DONNAY,2018
François-Xavier G.M.J.C.H. de DONNEA,1290
Alan John DONNELLY,1315
Brendan Patrick DONNELLY,2092
Jörn Johan DONNER,2297
Georges H. DONNEZ,1700
Beniamino DONNICI,38399
Leonidas DONSKIS,96692
Bert DOORN,4500
Herbert DORFMANN,96787
Mireille D'ORNANO,124750
Brigitte DOUAY,28157
Maurice CH.H. DOUBLET,882
The Lord DOURO,1701
Philippe J.G. DOUSTE-BLAZY,1028
Den DOVER,4552
Gina DOWDING,197613
Avril DOYLE,4382
Damian DRĂGHICI,124786
Mojca DRČAR MURKO,28305
Marco DREOSTO,197614
Konstantinos DROUTSAS,58782
Dimitrios DROUTSAS,107977
Maurice S.R.C. DRUON,874
Bernard DRZĘŹLA,23716
José Manuel DUARTE CENDÁN,232
Daniel DUCARME,1788
Petr DUCHOŇ,28315
Andrzej DUDA,124899
Jarosław DUDA,197510
Peter Klaus DUETOFT,1742
Andrew DUFF,4514
Olivier DUHAMEL,2314
Bárbara DÜHRKOP DÜHRKOP,1313
Garrelt DUIN,5969
Árpád DUKA-ZÓLYOMI,28197
Cristian DUMITRESCU,33978
Constantin DUMITRIU,39718
Ian DUNCAN,124960
Lena DÜPONT,99945
Paule DUPORT,865
Olivier DUPUIS,2281
Anne-Marie DUPUY,1709
Antoine DUQUESNE,28841
Estrella DURA FERRANDIS,198329
Emilio DURAN CORSANEGO,1743
Josep Antoni DURAN I LLEIDA,1744
Pascal DURAND,124693
Isabelle DURANT,96639
Lucia ĎURIŠ NICHOLSONOVÁ,197766
Raymonde M.E.A. DURY,1439
Robert DUŠEK,96717
Marie-Françoise DUTHU,26190
Maurice DUVERGER,1015
Lone DYBKJÆR,1901
Angel DZHAMBAZKI,124873
Manfred Artur EBEL,1697
Michl EBNER,2075
Pablo ECHENIQUE,125036
Raina A. Mercedes ECHERER,4252
Stefan ECK,124863
Karoline EDTSTADLER,197643
Petros EFTHYMIOU,4488
Christian EHLER,28226
Martin EHRENHAUSER,39769
Bas EICKHOUT,96725
Doeke EISMA,877
Lena EK,28127
Milan EKERT,23692
József ÉKES,23823
Dietrich ELCHLEPP,2280
André ELISSEN,188445
Saïd EL KHADRAOUI,25718
The Baroness ELLES,1662
James ELLES,1419
Michael N. ELLIOTT,1420
Ioan ENCIU,96859
Frank ENGEL,96876
Andrew ENGLAND KERR,197803
Christian ENGSTRÖM,96676
Linnéa ENGSTRÖM,128588
Derek A. ENRIGHT,875
Mátyás EÖRSI,23829
Vassilis EPHREMIDIS,955
Georgios EPITIDEIOS,125071
Derk Jan EPPINK,97133
Sergio ERCINI,1683
Norbert ERDŐS,124711
Marianne ERIKSSON,2262
Peter ERIKSSON,124937
Cornelia ERNST,96852
Brigitte U.J.M.J.G. ERNST de la GRAETE,1250
Engin EROGLU,197430
Ismail ERTUG,96842
Alain ESCLOPÉ,4420
Manuel ESCOLA HERNANDO,2333
Arturo Juan ESCUDER CROFT,1350
José Antonio ESCUDERO,961
Sari ESSAYAH,96682
Rosa ESTARÀS FERRAGUT,96811
María Teresa ESTEVAN BOLEA,1991
Pere ESTEVE,4350
Maria da Assunção ESTEVES,28401
Nicolas ESTGEN,987
Claude ESTIER,876
Edite ESTRELA,28310
Rafael ESTRELLA PEDROLA,1695
Bill ETHERIDGE,124951
Harald ETTL,2286
Camiel EURLINGS,28163
Jill EVANS,4550
Jonathan EVANS,4549
Robert EVANS,2099
Eleonora EVI,124779
Agnès EVREN,197535
Dimitrios EVRIGENIS,1696
Winifred M. EWING,1369
Louis EYRAUD,1679
Laurent FABIUS,1029
Juan Manuel FABRA VALLÉS,1996
Hervé FABRE-AUBRESPY,2218
Sheila FAITH,1687
Roger FAJARDIE,1803
Hynek FAJMON,23695
Tanja FAJON,96911
Richard FALBR,23840
Gheorghe FALCĂ,197649
Alexander C. FALCONER,1412
Karin FALKMER,2111
Enrico FALQUI,1132
Guido FANTI,1681
Antonio FANTINI,1117
André FANTON,433
Giulio FANTUZZI,1109
Nigel FARAGE,4525
Gipo FARASSINO,2039
José Inácio FARIA,125101
Göran FÄRM,4265
Laurence FARRENG,197589
Erich FARTHOFER,2086
Raimondo FASSA,1954
Léon FATOUS,1693
Carlo FATUZZO,4413
Edgar FAURE,868
Maurice FAURE,853
Claudio FAVA,4469
Ben FAYOT,1154
Szabolcs FAZAKAS,23804
Fredrick FEDERLEY,124989
Diogo FEIO,96977
Ludwig FELLERMAIER,1678
Markus FERBER,1917
Daniel FÉRET,2245
Adam FERGUSSON,869
António José FERNANDES,1690
José Manuel FERNANDES,96899
Emanuel Jardim FERNANDES,28318
Guy FERNANDEZ,866
Jonás FERNÁNDEZ,125046
Gerardo FERNÁNDEZ-ALBOR,1148
Fernando FERNÁNDEZ MARTÍN,2012
Solange FERNEX,1182
Edouard FERRAND,124767
Juan Manuel FERRÁNDEZ LEZAUN,25341
Giuseppe FERRANDINO,192634
Basil de FERRANTI,1673
Giuliano FERRARA,989
Laura FERRARA,124833
Francesco FERRARI,38849
Anne FERREIRA,5735
Elisa FERREIRA,28308
João FERREIRA,96706
Concepció FERRER,1304
Bruno FERRERO,1675
Enrico FERRI,990
Mauro FERRI,867
Nicolaus FEST,197480
Ove FICH,1676
Robert FICO,23869
Carlo FIDANZA,96810
Christel FIEBIGER,4300
Ilda FIGUEIREDO,4466
António Jorge de FIGUEIREDO LOPES,1685
Konstantinos FILINIS,1694
Petru FILIP,39710
Krzysztof FILIPEK,23796
Livio FILIPPI,2094
Renzo Eligio FILIPPI,859
Raymond FINCH,124941
Gianfranco FINI,1007
Pietro FIOCCHI,197607
Roberto FIORE,41004
Francesco FIORI,4396
Santiago FISAS AYXELÀ,96729
Marc M.J.A. FISCHBACH,860
Raffaele FITTO,4465
Gene FITZGERALD,1442
Frances FITZGERALD,197720
James (Jim) FITZSIMONS,1443
Christofer FJELLNER,28126
John FLACK,188623
Seán FLANAGAN,1670
Luke Ming FLANAGAN,124985
Věra FLASAROVÁ,28336
Hélène FLAUTRE,4385
Knut FLECKENSTEIN,96840
Valter FLEGO,197419
Marialiese FLEMMING,2287
Colette FLESCH,1184
Karl-Heinz FLORENZ,1038
María Elena FLORES VALENCIA,1664
Luigi Andrea FLORIO,2248
Gaston FLOSSE,1686
Katharina FOCKE,1658
Alessandro FOGLIETTA,28425
Christos FOLIAS,4481
Hanna FOLTYN-KUBICKA,34930
Nicole FONTAINE,945
Alessandro FONTANA,2042
Lorenzo FONTANA,96993
Glyn FORD,1413
Vicky FORD,96949
Eleonora FORENZA,125193
Arnaldo FORLANI,1008
Lance FORMAN,197703
Marco FORMENTINI,2038
Roberto FORMIGONI,1110
Raymond FORNI,854
Norvela FORSTER,827
Mario FORTE,1111
Eric FORTH,861
Jacqueline FOSTER,4553
Assimakis FOTILAS,862
Anna FOTYGA,28353
Lampros FOUNTOULIS,125070
Antoinette FOUQUE,2239
Marie-Madeleine FOURCADE,828
André FOURÇANS,1692
Brigitte FOURÉ,39956
Loucas FOURLAS,197414
Janelly FOURTOU,4336
Ashley FOX,96957
Claire FOX,197708
Carmen FRAGA ESTÉVEZ,1993
Manuel FRAGA IRIBARNE,1689
Emmanouil FRAGKOS,198490
Pernille FRAHM,4437
Juan FRAILE CANTÓN,40600
Geneviève FRAISSE,4352
Armando FRANÇA,39510
Gaston FRANCO,96908
Dimitrios FRANGOS,857
Tomasz FRANKOWSKI,197513
Cindy FRANSSEN,197455
Otmar FRANZ,1672
Romeo FRANZ,193273
Monica FRASSONI,4254
Duarte FREITAS,28403
Yves FRÉMION,1831
Eugen FREUND,125018
Daniel FREUND,106936
Bruno FRIEDRICH,1671
Ingo FRIEDRICH,1264
Franco FRIGO,118999
Bernard FRIMAT,1865
Friedhelm FRISCHENSCHLAGER,2288
Georges Louis FRISCHMANN,858
Heléne FRITZON,197391
François FROMENT-MEURICE,1872
Isidor W. FRÜH,1669
Sorin FRUNZĂVERDE,39708
Doru-Claudian FRUNZULICĂ,124790
Jean-Claude FRUTEAU,4297
Manuela FRUTOS GAMA,2010
Gérard R.P. FUCHS,967
Karl FUCHS,855
Niels FUGLSANG,101585
Yvette M. FUILLET,1659
Daniel Petru FUNERIU,95020
Honor FUNK,1039
Mario FURORE,197795
Reynoldh FURUSTRAND,2112
Aleksander GABELIC,192465
Volkmar GABERT,856
Mariya GABRIEL,96848
Corrado GABRIELE,36391
Urszula GACEK,39763
Søren GADE,197555
Colette GADIOUX,1660
Piotr GADZINOWSKI,23761
Michael GAHLER,2341
Per GAHRTON,2114
Gerardo GAIBISSO,1009
Gerfrid GAIGG,2087
Paola GAIOTTI DE BIASE,829
Kinga GÁL,28150
Milan GAĽA,26833
Andrzej Józef GAŁAŻEWSKI,23783
Tomáš GALBAVỶ,26834
Gerardo GALEOTE,2001
Michael GALLAGHER,849
Pat the Cope GALLAGHER,2125
Yves A.R. GALLAND,1084
Marc GALLE,1291
Giulio Cesare GALLENZI,1112
Max GALLO,1203
Marielle BOULLIER GALLO,96896
Ildikó GÁLL-PELCZ,102886
Carlo Alberto GALLUZZI,1652
Doktor Professor Lina GALVEZ MUÑOZ,197702
José Augusto GAMA,1668
Francesc GAMBÚS,125006
Claudia GAMON,197632
Gianna GANCIA,197582
Juan Antonio GANGOITI LLAGUNO,1228
Ovidiu Victor GANȚ,33979
Juan Carlos GARAIKOETXEA URRIZA,1342
Marie-Françoise GARAUD,4360
Vicente Miguel GARCÉS RAMÓN,39321
Vasco GARCIA,1374
Dolores GARCÍA-HIERRO CARABALLO,111017
Manuel GARCÍA AMIGO,1343
Ludivina GARCÍA ARIAS,1305
Ibán GARCIA DEL BLANCO,197717
José Manuel GARCÍA-MARGALLO Y MARFIL,1992
Isabel GARCÍA MUÑOZ,197742
Cristina GARCÍA-ORCOYEN TORMO,4322
Antonio GARCIA-PAGAN ZAMORA,1653
Iratxe GARCÍA PÉREZ,28298
José Luis GARCIA RAYA,1648
Eider GARDIAZABAL RUBIAL,96991
Elisabetta GARDINI,58758
Giuseppe GARGANI,4562
Luis GARICANO,197554
Riccardo GAROSCI,2196
Georges GAROT,2313
Jean-Paul GARRAUD,197628
Salvador GARRIGA POLLEDO,1665
Enrico GASBARRA,124817
Carles-Alfred GASÒLIBA i BÖHM,1344
Françoise GASPARD,820
Natalino GATTI,1666
Vincenzo GATTO,850
Patrick GAUBERT,28183
Charles de GAULLE,1878
Roger GAUTHIER,1650
Fritz GAUTIER,1792
Jean-Paul GAUZÈS,28193
Andrzej Karol GAWŁOWSKI,23762
Jas GAWRONSKI,1113
Nikolaos GAZIS,1663
Evelyne GEBHARDT,1913
Alexandra GEESE,183916
Stefan GEHROLD,194391
Jens GEIER,96833
Vitaliano GEMELLI,4463
Chiara GEMMA,197794
Paul-Henry E.M.Gh. GENDEBIEN,851
Elena GENTILE,124847
Eugenijus GENTVILAS,28283
Antonios GEORGIADIS,723
Georgios GEORGIOU,39320
Giorgos GEORGIOU,197416
Alexis GEORGOULIS,197819
Des GERAGHTY,1841
Gerben-Jan GERBRANDY,96940
Bronisław GEREMEK,28384
Arne GERICKE,124815
Lidia Joanna GERINGER de OEDENBERG,28377
Ljubo GERMIČ,23711
Achillefs GEROKOSTOPOULOS,852
François-Marie GERONIMI,844
Kyriakos GERONTOPOULOS,1661
Helmut GEUKING,197436
Aart GEURTSEN,839
Roland GEWALT,34757
Alberto GHERGO,845
Fiorella GHILARDOTTI,2024
Cristian GHINEA,197661
Marietta GIANNAKOU,1431
Jean-Antoine GIANSILY,2256
Dino GIARRUSSO,197804
Giovanni GIAVAZZI,1646
Claire GIBAULT,28207
Barbara Ann GIBSON,197600
Sven GIEGOLD,96730
Adam GIEREK,28379
Maciej Marian GIERTYCH,24088
Jens GIESEKE,124807
Neena GILL,4533
Nathan GILL,124965
Marie-Hélène GILLIG,4295
Alan Leslie GILLIS,2103
Alain Y.M. GILLOT,846
José María GIL-ROBLES GIL-DELGADO,1219
María Teresa GIMÉNEZ BARBAT,135491
José GIRÃO PEREIRA,2167
Juan Carlos GIRAUTA VIDAL,125052
Julie GIRLING,96956
Valéry GISCARD d'ESTAING,1030
Michela GIUFFRIDA,124864
Vincenzo GIUMMARRA,1647
Monica GIUNTINI,94391
Georgios GKIKOPOULOS,124646
Ioannis GKLAVAKIS,28570
James Alexander GLANCY,197751
Norbert GLANTE,1902
Anne-Karin GLASE,1844
Béla GLATTFELDER,28145
Emmanouil GLEZOS,1654
Ernest GLINNE,1475
Karine GLOANEC MAURIN,193080
Andreas GLÜCK,197443
Raphaël GLUCKSMANN,197694
Ilias GLYKOFRIDIS,847
Gian Paolo GOBBO,4741
Sylvie GODDYN,21331
Ivars GODMANIS,97004
Robert GOEBBELS,4429
Robert Jan GOEDBLOED,2328
Arie de GOEDE,848
Annemarie M.C. GOEDMAKERS,940
Lutz GOEPEL,1845
Charles GOERENS,840
Willi GÖRLACH,1221
Roland GOGUILLOT,1667
Jean GOL,1961
Silva GOLDE,26739
Jimmy GOLDSMITH,2213
Bogdan GOLIK,28373
Bruno GOLLNISCH,1164
Ana GOMES,28306
Fernando Manuel Santos GOMES,1375
Alfred GOMOLKA,1923
Kinga GÖNCZ,96832
Guido GONELLA,841
Konstantinos GONTIKAS,724
Mónica Silvana GONZÁLEZ,197728
Laura GONZÁLEZ ÁLVAREZ,1875
Nicolás GONZALEZ CASARES,197718
Tania GONZÁLEZ PEÑAS,127330
Esteban GONZÁLEZ PONS,125027
Antonio GONZÁLEZ TRIVIÑO,2009
Robert GOODWILL,4543
Alfons GOPPEL,842
Giovanni GORIA,1104
Koldo GOROSTIAGA ATXALANDABASO,4379
Beata GOSIEWSKA,124900
Donata GOTTARDI,36395
Hélène GOUDIN,28146
Sylvie GOULARD,97137
Anselmo GOUTHIER,843
João GOUVEIA,25798
Marcel de GRAAFF,125025
Genowefa GRABOWSKA,23717
Dariusz Maciej GRABOWSKI,28332
Vasco GRAÇA MOURA,4450
Friedrich-Wilhelm GRAEFE zu BARINGDORF,1040
Ilona GRAENITZ,2088
Giorgos GRAMMATIKAKIS,125112
Jacqueline GRAND,1438
Luis de GRANDES PASCUAL,28393
Valentino GRANT,197799
Maria GRAPINI,124785
Ingeborg GRÄSSLE,28220
Karoline GRASWANDER-HAINZ,133316
Martí GRAU i SEGÚ,40601
Antonio GRAZIANI,1958
Carlo Alberto GRAZIANI,1657
Igor GRÄZIN,193879
Louis GRECH,28123
Eva GREDAL,1637
Martina GREDLER,2089
Pauline GREEN,1308
Markéta GREGOROVÁ,197549
Estelle GRELIER,96953
Maxime François GREMETZ,1176
Catherine GRÈZE,96745
Nathalie GRIESBECK,28208
Nick GRIFFIN,96751
Theresa GRIFFIN,124961
(Win) Winston James GRIFFITHS,1644
Iveta GRIGULE-PĒTERSE,124745
Julián GRIMALDOS GRIMALDOS,1645
Catherine GRISET,94649
Marek Józef GRÓBARCZYK,96790
Lisbeth GRÖNFELDT BERGMAN,5897
Elly de GROEN-KOUWENHOVEN,28265
Mette GROES,821
Lissy GRÖNER,1061
Matthias GROOTE,34728
Mathieu GROSCH,2247
Klemen GROŠELJ,197452
Françoise GROSSETÊTE,2025
Attila László GRUBER,23815
Lilli GRUBER,28368
Christophe GRUDLER,197557
Johanna-Christina GRUND,999
Pascale GRUNY,96983
Zofia GRZEBISZ-NOWICKA,23763
Andrzej GRZYB,23785
Elisabetta GUALMINI,197618
Roberto GUALTIERI,96892
Ignasi GUARDANS CAMBÓ,28411
Anselmo GUARRACI,1655
Ambroise GUELLEC,28194
Maren GÜNTHER,1886
Guy Jean GUERMEUR,1656
Pedro GUERREIRO,31123
Francisco GUERREIRO,197645
Enrique GUERRERO SALOM,96768
Bernard GUETTA,197543
Francesco GUIDOLIN,1089
Umberto GUIDONI,28974
Elisabeth GUIGOU,1984
François GUILLAUME,1177
Sylvie GUILLAUME,96952
Julén GUIMON UGARTECHEA,1651
Armelle GUINEBERTIÈRE,2015
Frans G. van der GUN,835
Antanas GUOGA,124763
Zita GURMAI,23805
José GUSMÃO,88715
Holger GUSTAFSSON,2115
Mikael GUSTAFSSON,109649
Jytte GUTELAND,124991
Antoni GUTIÉRREZ DÍAZ,1345
Cristina GUTIÉRREZ-CORTINES,4326
Sergio GUTIÉRREZ PRIETO,103488
Catherine GUY-QUINT,4314
Lilli GYLDENKILDE,1915
Márton GYÖNGYÖSI,198063
Enikő GYŐRI,96830
András GYÜRK,23816
Niels Jørgen HAAGERUP,836
Bertel HAARDER,1925
Ben HABIB,197642
Otto von HABSBURG,1265
Karl HABSBURG-LOTHRINGEN,2289
Wolfgang HACKEL,1641
Menelaos HADJIGEORGIOU,922
Takis HADJIGEORGIOU,96907
Benedikt HÄRLIN,1642
Gerald HÄFNER,96758
Gerhard HAGER,2290
Carl HAGLUND,96683
Svenja HAHN,197444
Henrike HAHN,197457
Wilhelm F.T. HAHN,1636
Roman HAIDER,198176
Robert HAJŠEL,34578
Teuvo HAKKARAINEN,197596
Andrzej HALICKI,197514
Fiona HALL,28477
Jussi HALLA-AHO,124727
David John Alfred HALLAM,2169
Helga HALLER von HALLERSTEIN,1891
Brendan HALLIGAN,837
Ioan Lucian HĂMBĂȘAN,95704
Jean HAMILIUS,838
Else HAMMERICH,1619
David HAMMERSTEIN,28345
Benoît HAMON,28159
Thomas HÄNDEL,96851
Małgorzata HANDZLIK,28275
Ágnes HANKISS,96707
Daniel HANNAN,4555
Klaus HÄNSCH,1266
Christophe HANSEN,193419
Michel HANSENNE,4250
Hannes HANSO,197131
José H.G. HAPPART,1466
Ioannis HARALAMPOPOULOS,830
Gábor HARANGOZÓ,28199
Malcolm HARBOUR,4538
Veronica Mary HARDSTAFF,2030
Marian HARKIN,28116
The Lord HARMAR-NICHOLLS,831
Rebecca HARMS,28233
Lucy Elizabeth HARRIS,197809
David A. HARRIS,832
Lyndon H.A. HARRISON,1316
Lucas HARTONG,103132
Joel HASSE FERREIRA,31730
Kai Uwe von HASSEL,833
Satu HASSI,28321
Konstantinos HATZIDAKIS,2186
Karl W.H. HAUENSCHILD,834
Jutta HAUG,1914
Martin HÄUSLING,96752
Heidi HAUTALA,2054
Mircea-Gheorghe HAVA,197646
Jiří HAVEL,96714
Hilde HAWLICEK,2091
Valerie HAYER,135511
Brian HAYES,118658
Adeline HAZAN,4299
Anja HAZEKAMP,125023
Christopher HEATON-HARRIS,4517
Michael HEAVER,197601
Anna HEDH,28131
Ewa HEDKVIST PETERSEN,4266
Gyula HEGYI,23806
Hannes HEIDE,197682
Jean-Paul HEIDER,1881
Eero HEINÄLUOMA,197800
Hermann HEINEMANN,825
Renate Charlotte HEINISCH,2228
Brigitte HEINRICH,1634
Eduard-Raul HELLVIG,37448
Roger HELMER,4516
Wilhelm HELMS,826
Jaak P.J. HENCKENS,815
Mark Phillip HENDRICK,2017
Jacky HÉNIN,28215
Hans-Olaf HENKEL,124823
Erna HENNICOT-SCHOEPGES,29019
Jeanine HENNIS-PLASSCHAERT,28176
Niclas HERBST,197412
Edit HERCZOG,28155
Jozef HERIBAN,25571
Luise HERKLOTZ,787
Fernand H.J. HERMAN,1467
Marie-Thérèse HERMANGE,2016
Anna (An) M.A. HERMANS,1251
Jorge Salvador HERNÁNDEZ MOLLAR,2271
Esther HERRANZ GARCÍA,22418
José Ramón HERRERO MEREDIZ,1635
Luis HERRERO-TEJEDOR,28396
Robert E.V. HERSANT,1193
Michel HERVÉ,954
Pierrette HERZBERGER-FOFANA,197459
Philippe A.R. HERZOG,1167
Krzysztof HETMAN,124895
Maria HEUBUCH,124848
Ien van den HEUVEL,1620
Jolanta Emilia HIBNER,96753
Balázs HIDVÉGHI,124586
Ruth HIERONYMI,4279
Jim HIGGINS,28117
Joe HIGGINS,96669
Michael J. HINDLEY,1414
Nadja HIRSCH,96872
Rüdiger HITZIGRATH,1640
Elisabeth HLAVAC,2093
Martin HLAVÁČEK,197526
Liem HOANG NGOC,96950
Elie HOARAU,96881
Czesław HOC,135540
Magdalene HOFF,1235
Iris HOFFMANN,124841
Jacqueline HOFFMANN,1617
Karl-Heinz HOFFMANN,1633
Monika HOHLMEIER,96780
Martin HOJSÍK,197770
Gunnar HÖKMARK,28124
Vilém HOLÁŇ,23697
François HOLLANDE,4285
Jens HOLM,37008
Ulf HOLM,2263
Michael John HOLMES,4530
Pär HOLMGREN,197398
Krzysztof HOŁOWCZYC,39764
György HÖLVÉNYI,124715
Martin HOLZFUSS,984
Alicia HOMS GINEL,122978
Mary HONEYBALL,5846
Antony HOOK,197730
Mike HOOKEM,124957
Geoffrey W. HOON,1415
Gloria D. HOOPER,788
Karsten Friedrich HOPPENSTEDT,1222
William J. HOPPER,822
Milan HORÁČEK,28239
Brian H. HORD,823
John HORGAN,824
Brice HORTEFEUX,5565
Franc HORVAT,23714
Martin HORWOOD,197755
Jean-François HORY,1213
John HOWARTH,188636
Paul F. HOWELL,1416
Richard HOWITT,2073
Ivo HRISTOV,197846
Danuta Maria HÜBNER,96779
Leslie J. HUCKFIELD,1638
Ján HUDACKÝ,28180
Ian HUDGHTON,2338
Robert HUE,4351
Stephen HUGHES,1407
Jean-Paul HUGOT,1639
Christopher HUHNE,4523
Laura HUHTASAARI,197594
Jan HUITEMA,58789
Michiel van HULTEN,4557
Anneli HULTHÉN,2264
John HUME,1408
Bengt HURTIG,2116
Alain HUTCHINSON,28282
Alasdair Henry HUTTON,1631
Jana HYBÁŠKOVÁ,28350
Liam HYLAND,2199
Filiz HYUSMENOVA,34249
Monica Maria IACOB-RIDZI,33987
Salvatore IACOLINO,96818
Franco IACONO,1105
Anna IBRISAGIC,28125
Louis IDE,125108
Pablo IGLESIAS,125031
Ulpu IIVARI,2055
Ivars IJABS,197624
Raimo ILASKIVI,2298
Stanimir ILCHEV,34235
Wolfgang ILGENFRITZ,4251
Inna ILIVITZKY,2339
Toomas Hendrik ILVES,23860
Josu Jon IMAZ SAN MIGUEL,1962
Renzo IMBENI,1106
Juozas IMBRASAS,96693
Evin INCIR,197392
The Lord INGLEWOOD,1217
Sophia in 't VELD,28266
Antonio IODICE,969
Iliana IOTOVA,38605
Leonilde IOTTI,785
Vincenzo IOVINE,97130
Felice IPPOLITO,1629
Iñaki IRAZABALBEITIA FERNÁNDEZ,119875
María IRIGOYEN PÉREZ,105192
Ulrich IRMER,816
Mikel IRUJO AMEZAGA,38733
Marie Anne ISLER BÉGUIN,1833
Gérard ISRAEL,817
Ville ITÄLÄ,28313
Carlos ITURGAIZ,28398
Cătălin Sorin IVAN,96857
Iliana IVANOVA,96834
John IVERSEN,1277
Robert Jarosław IWASZKIEWICZ,124886
Tadeusz IWIŃSKI,23764
Juan de Dios IZQUIERDO COLLADO,2008
María IZQUIERDO ROJO,1190
Liisa JAAKONSAARI,96684
Anneli JÄÄTTEENMÄKI,28314
Dawid Bohdan JACKIEWICZ,124882
Caroline JACKSON,1370
Christopher Murray JACKSON,1409
Robert Victor JACKSON,818
Christian JACOB,2013
Lily JACOBS,39094
Yannick JADOT,96740
Timo Juhani JÄRVILAHTI,2056
Peter JAHR,96772
Stasys JAKELIŪNAS,197837
Patryk JAKI,197516
Roman JAKIČ,23696
Erhard V. JAKOBSEN,1278
Ivan JAKOVČIĆ,124754
Jean-François JALKH,124770
Stanisław JAŁOWIECKI,28277
Frédéric JALTON,819
Diane JAMES,124939
France JAMET,189065
Mieczysław Edmund JANOWSKI,28355
Hans JANSEN,125029
James L. JANSSEN van RAAY,1455
Gérard JAQUET,810
Lívia JÁRÓKA,28141
Adam JARUBAS,197517
Georg JARZEMBOWSKI,1
Jerzy JASKIERNIA,23765
Ramón JÁUREGUI ATONDO,97078
Benedek JÁVOR,124721
Danuta JAZŁOWIECKA,96781
Thierry B. JEAN-PIERRE,2214
Sidonia Elżbieta JĘDRZEJEWSKA,96782
Elisabeth JEGGLE,4271
Rumiana JELEVA,38609
Anne E. JENSEN,4440
Kirsten M. JENSEN,1120
Lis JENSEN,2236
Marie JEPSEN,1243
Petr JEŽEK,124707
Teresa JIMÉNEZ-BECERRIL BARRIO,96806
Carlos JIMÉNEZ VILLAREJO,125034
Bernat JOAN i MARÍ,28412
Claire JOANNY,1126
Inga-Britt JOHANSSON,2065
Kent JOHANSSON,110365
Stanley P. JOHNSON,811
Eva JOLY,96883
Pierre JONCKHEER,4255
Jackie JONES,197758
Dennis de JONG,96748
Agnes JONGERIUS,125021
Sjouke JONKER,812
Karin JÖNS,1904
Romana JORDAN,28291
Christina Sheila JORDAN,197752
Dan JØRGENSEN,28156
Virginie JORON,197627
Lionel JOSPIN,1715
Charles JOSSELIN,813
Marc JOULAUD,124728
Riitta JOUPPILA,2058
Madeleine JOUYE DE GRANDMAISON,39629
Salvador JOVÉ PERES,1972
Irena JOVEVA,197447
Josu JUARISTI ABAUNZ,125051
Heinrich JÜRGENS,809
Rasa JUKNEVIČIENĖ,197840
Wolfgang JUNG,2283
Karin JUNKER,1062
Michel JUNOT,814
Oriol JUNQUERAS VIES,96708
Alain JUPPÉ,1168
Marek JUREK,124892
Krzysztof JURGIEL,197518
Aurelio JURI,94577
Eugen JURZYCA,197767
Philippe JUVIN,96884
Herve JUVIN,197626
Jelko KACIN,23691
Filip KACZMAREK,28280
Karin KADENBACH,97014
Eva KAILI,125109
Nikitas KAKLAMANIS,2192
Meropi KALDI,26738
Ivailo KALFIN,96807
Jarosław KALINOWSKI,96771
Ryszard Roman KALISZ,23766
Marina KALJURAND,197491
Kaja KALLAS,124697
Gisela KALLENBACH,28236
Konstantinos KALLIAS,804
Sandra KALNIETE,96934
Konstantinos KALOYANNIS,805
Syed KAMALL,33569
Michał Tomasz KAMIŃSKI,23792
Patricia van der KAMMEN,115868
Petra KAMMEREVERT,96837
Radan KANEV,197839
Assita KANKO,197469
Andis KĀPOSTS,23854
Barbara KAPPEL,125024
Konstantinos KAPPOS,806
Anna KARAMANOU,2310
Othmar KARAS,4246
Georgios KARATZAFERIS,28587
Emmanouil KARELLIS,1887
Rina Ronja KARI,122885
Sajjad KARIM,28481
Krišjānis KARIŅŠ,96901
Pierre KARLESKIND,197585
Karin KARLSBRO,197401
Hans KARLSSON,5953
Rikke-Louise KARLSSON,124876
Roger KAROUTCHI,2322
Professor Karol KARSKI,124887
Ioannis KASOULIDES,28474
Gabriel KASPEREIT,281
Martin KASTLER,25919
Elsi KATAINEN,191693
Giorgos KATIFORIS,2181
Georgios KATROUGKALOS,125062
Ioannis KATSAFADOS,807
Hans KATZER,808
Sylvia-Yvonne KAUFMANN,1849
Piia-Noora KAUPPI,4258
Liam KAVANAGH,796
Metin KAZAK,38613
Tchetin KAZAK,34251
Filotas KAZAZIS,800
Justin KEATING,797
Manolis KEFALOGIANNIS,125068
Tunne KELAM,28424
András KELEMEN,23828
Atilla Béla Ladislau KELEMEN,33981
Billy KELLEHER,197818
Fabienne KELLER,22858
Jan KELLER,124695
Ska KELLER,96734
Edward T. KELLETT-BOWMAN,1410
Elaine KELLETT-BOWMAN,783
Alan KELLY,96667
Seán KELLY,96668
Beata KEMPA,197519
Hedwig KEPPELHOFF-WIECHERT,1063
Hugh KERR,2235
Margot KESSLER,4264
Marie-Paule (Mimi) KESTELIJN-SIERENS,1947
Brian M. KEY,801
Afzal KHAN,124962
Bashir KHANBHAI,4512
Wajid KHAN,188624
Nicole KIIL-NIELSEN,96737
Michael L. KILBY,1628
Mark KILLILEA,1444
Robert KILROY-SILK,28492
Heinz KINDERMANN,1905
Glenys KINNOCK,2123
Evgeni KIRILOV,34231
Timothy KIRKHOPE,4542
Kent S. KIRK,802
Aleksandrs KIRŠTEINS,23850
Jude KIRTON-DARLING,124953
Peter KITTELMANN,1918
Niyazi KIZILYÜREK,197415
Eva KJER HANSEN,1924
Ewa KLAMT,4278
Christa KLASS,1929
Paulis KĻAVIŅŠ,23844
Egon A. KLEPSCH,1267
Mojca KLEVA KEKUŠ,23413
Bogdan KLICH,23780
Jan KLINKENBORG,1782
Wolf KLINZ,28244
Konstadinos KLIRONOMOS,2177
Izabela-Helena KLOC,197520
Michael KLÖCKNER,1624
Eugeniusz KŁOPOTEK,23786
Sławomir KŁOSOWSKI,135541
Wacław KLUKOWSKI,23802
Jürgen KLUTE,96769
Roger KNAPMAN,28505
Gorka KNÖRR BORRÀS,4378
Karsten KNOLLE,4286
Ondřej KNOTEK,197528
Dieter-Lebrecht KOCH,1852
Silvana KOCH-MEHRIN,28241
Heinz Fritz KÖHLER,1074
Herbert W. KÖHLER,9
Klaus-Peter KÖHLER,1075
Friedrich KÖNIG,2095
Annette KOEWIUS,123816
Jeppe KOFOD,124870
Peter KOFOD,197570
Niels Anker KOFOED,1145
Jaromír KOHLÍČEK,28331
Arndt KOHN,186884
Łukasz KOHUT,197523
Arba KOKALARI,197406
Petros KOKKALIS,197743
Angela KOKKOLA,2179
Marcel KOLAJA,197546
Mislav KOLAKUŠIĆ,197438
Lena KOLARSKA-BOBIŃSKA,96785
Bernd KÖLMEL,124824
Spiridon KOLOKOTRONIS,1625
Kateřina KONEČNÁ,23699
Albrecht Karl KONECNY,2257
Christoph KONRAD,2225
Athanasios KONSTANTINOU,197740
Sándor KÓNYA-HAMAR,33988
Ewa KOPACZ,197525
Joanna KOPCIŃSKA,197530
Maria Eleni KOPPA,39319
Efstratios KORAKAS,4493
Eija-Riitta KORHOLA,4260
Moritz KÖRNER,197445
Janusz KORWIN-MIKKE,124879
Ádám KÓSA,96829
Magda KÓSÁNÉ KOVÁCS,23807
Dietmar KÖSTER,124822
Elisabeth KÖSTINGER,96882
Sotiris KOSTOPOULOS,1072
Miloš KOTEREC,28181
Bernard KOUCHNER,1978
Ioannis KOUKIADIS,4487
Stelios KOULOGLOU,130833
Dimitrios KOULOURIANOS,4510
Georgios KOUMOUTSAKOS,97011
Elena KOUNTOURA,197699
Peter KOUROUMBASHEV,124857
Béla KOVÁCS,102887
Ondřej KOVAŘÍK,118949
Andrey KOVATCHEV,97968
Paweł Robert KOWAL,96793
Bronisława KOWALSKA,23767
Sergej KOZLÍK,23873
Agnieszka KOZŁOWSKA-RAJEWICZ,124889
Jan KOZŁOWSKI,101954
Edvard KOŽUŠNÍK,96704
Maximilian KRAH,197481
Holger KRAHMER,28247
Yannos KRANIDIOTIS,2153
Ole KRARUP,1919
Zdzisław KRASNODĘBSKI,124891
Guntars KRASTS,26828
Rodi KRATSA-TSAGAROPOULOU,4482
Constanze KREHL,1854
Wolfgang KREISSL-DÖRFLER,1935
Robert Ernest KRIEPS,1216
Kęstutis KRIŠČIŪNAS,23736
Henrik Dam KRISTENSEN,28152
Frode KRISTOFFERSEN,1626
Ģirts Valdis KRISTOVSKIS,28616
Alain KRIVINE,4403
Hans KRONBERGER,2291
Daniel KROUPA,23842
J. (Annie) B. KROUWEL-VLAM,784
Elżbieta KRUK,197532
Urszula KRUPA,28334
Józef Jerzy KUBICA,26676
Andrius KUBILIUS,197843
Pavol KUBOVIČ,23874
Wiesław Stefan KUC,28374
Wilfried KUCKELKORN,1899
Barbara KUDRYCKA,28284
Heinz KÜHN,795
Annemarie KUHN,3
Werner KUHN,96767
Helmut KUHNE,1908
Alice KUHNKE,197395
Joachim KUHS,197482
Willy H.G.J.M. KUIJPERS,1627
Eduard KUKAN,96651
Jan Jerzy KUŁAKOWSKI,28386
Miapetra KUMPULA-NATRI,124735
Kostadinka KUNEVA,125092
Florence KUNTZ,4366
Jacek Olgierd KURSKI,96795
Aldis KUŠĶIS,23853
Sepp KUSSTATSCHER,28418
Kestutis KUZMICKAS,23742
Zbigniew KUŹMIUK,28389
Vytautas KVIETKAUSKAS,23741
Cécile Kashetu KYENGE,124801
Merja KYLLÖNEN,124736
Stelios KYMPOUROPOULOS,197692
Leonidas KYRKOS,1677
Miltiadis KYRKOS,125113
Georgios KYRTSOS,125063
Ilhan KYUCHYUK,124866
Lousewies van der LAAN,4503
Mart LAAR,23862
Claude L.L.P. LABBÉ,794
Jeannou LACAZE,1169
Antonio Augusto LACERDA DE QUEIRÓZ,1609
Petr LACHNIT,23700
José María LAFUENTE LÓPEZ,2
Efstathios LAGAKOS,1058
Leonidas LAGAKOS,1610
Carlos LAGE,2161
Joost LAGENDIJK,2329
Sergey LAGODINSKY,197460
Lelio LAGORIO,970
Ioannis LAGOS,197737
Arlette LAGUILLER,4402
André LAIGNEL,1980
Patricia LALONDE,188254
(Paddy) Patrick Joseph LALOR,1435
Aurore LALUCQ,197697
Catherine LALUMIÈRE,2130
Pierre LALUMIÈRE,798
Giorgio LA MALFA,1010
Francesco LAMANNA,1870
Alain LAMASSOURE,1204
Jean LAMBERT,4531
Philippe LAMBERTS,96648
Irini LAMBRAKI,2175
Panayotis LAMBRIAS,1456
Stavros LAMBRINIDIS,28576
Alexander Graf LAMBSDORFF,28242
Oscar LANCINI,192635
Karmelo LANDA MENDIBE,237
Vytautas LANDSBERGIS,23746
Gabrielius LANDSBERGIS,124759
Patrick LANE,1280
Carl LANG,2057
Jack M.E. LANG,1981
Bernd LANGE,1909
Esther de LANGE,38398
Erwin LANGE,789
Werner LANGEN,1928
Raymond LANGENDRIES,28842
Brigitte LANGENHAGEN,35
Katrin LANGENSIEPEN,197461
Alexander LANGER,1107
Horst LANGES,1268
Paul A.A.J.G. LANNOYE,1292
Antonio LA PERGOLA,1108
Thierry de LA PERRIERE,4365
Anne LAPERROUZE,28209
Hélène LAPORTE,197597
Jessica E.S. LARIVE,1434
Nereo LARONI,1099
Pierre LARROUTUROU,197698
Claus LARSEN-JENSEN,122404
Romano Maria LA RUSSA,28416
Armin LASCHET,4280
Henri de LASSUS SAINT GENIÈS,2320
Vladimír LAŠTŮVKA,23701
Pierre LATAILLADE,1021
Louis LAUGA,962
Kurt Joachim LAUK,28222
Ritva Tellervo LAURILA,2059
Marju LAURISTIN,124698
Vincenzo LAVARRA,4455
Giovanni LA VIA,96816
Jérôme LAVRILLEUX,124731
Henrik LAX,28262
Johannes LEBECH,39762
Gilles LEBRETON,124738
Agnès LE BRUN,105849
Jean A.F. LECANUET,799
Julie LECHANTEUX,197686
Christelle LECHEVALIER,188718
Jean-Marie LE CHEVALLIER,1022
Kurt LECHNER,4283
Olivier LEFEVRE D'ORMESSON,1569
Stéphane LE FOLL,28162
Roselyne LEFRANÇOIS,38846
Silvio LEGA,792
David LEGA,197393
Jean-Yves R.R. LE GALLOU,2076
Constance LE GRIP,101580
Professor Ryszard Antoni LEGUTKO,96796
Bernard LEHIDEUX,2326
Martine LEHIDEUX,1127
Klaus-Heiner LEHNE,2224
Lasse LEHTINEN,28263
Patrick LE HYARIC,96735
Jörg LEICHTFRIED,28251
Jo LEINEN,4262
Maria Manuel LEITÃO MARQUES,197635
Bram van der LEK,1621
Eileen LEMASS,1616
Gerd Ludwig LEMMER,1257
Jeroen LENAERS,95074
Marcelle LENTZ-CORNETTE,1598
Marlene LENZ,1236
Silvio LEONARDI,270
Innocenzo LEONTINI,72754
Giacomo LEOPARDI,2253
Corinne LEPAGE,97076
Jean-Marie LE PEN,1023
Marine LE PEN,28210
Odile LEPERRE-VERRIER,2243
Andrzej Zbigniew LEPPER,23794
Fernand LE RACHINEL,2066
Enrico LETTA,28413
Katalin LÉVAI,28200
Janusz LEWANDOWSKI,23781
Andrew LEWER,124943
Pietro LEZZI,312
Bogusław LIBERADZKI,23768
Marcin LIBICKI,24087
Eva LICHTENBERGER,28253
Marie-Noëlle LIENEMANN,1708
Liene LIEPIŅA,23852
Peter LIESE,1927
Arne LIETZ,124839
Giancarlo LIGABUE,2251
Giosuè LIGIOS,1605
Salvatore LIMA,991
Sylvia LIMMER,197483
Erdmann LINDE,790
Michèle LINDEPERG,1987
MaLou LINDHOLM,2265
Hans LINDQVIST,2266
Rolf LINKOHR,1258
Norbert LINS,124808
Franz LINSER,2282
Milan LINZER,2096
Kartika Tamara LIOTARD,28182
Alain LIPIETZ,4384
Jean-Noël de LIPKOWSKI,786
Janusz Stanisław LISAK,23798
Krzysztof LISEK,96788
Giorgio LISI,4748
Bogusław LITWINIEC,23718
Dionysios LIVANOS,1049
Anne-Marie A. LIZIN,1688
Elena LIZZI,197611
Carmen LLORCA VILAPLANA,1306
César LLORENS BARGES,1612
Jaroslav LOBKOWICZ,23702
Pia Elda LOCATELLI,28976
Barbara LOCHBIHLER,96728
Eleonora LO CURTO,93515
Eugen LODERER,791
Maj-Lis LÖÖW,2067
Calogero LO GIUDICE,982
Philippe LOISEAU,125684
Nathalie LOISEAU,197494
Morten LØKKEGAARD,96709
Alfred LOMAS,1411
Raffaele LOMBARDO,4472
Naomi LONG,197816
Gérard LONGUET,1682
John LONGWORTH,197807
Charles-Emile LOO,1606
Sander LOONES,128717
Verónica LOPE FONTAGNÉ,96765
Javi LÓPEZ,125042
Doktor Professor Juan Fernando LÓPEZ AGUILAR,96812
Paloma LÓPEZ BERMEJO,125047
Leopoldo LÓPEZ GIL,197777
Antonio LÓPEZ-ISTÚRIZ WHITE,28399
Andrea LOSCO,36393
Sabine LÖSING,96854
Aleksejs LOSKUTOVS,196042
Patrick LOUIS,28217
Konstantinos LOULES,793
Hendrik J. LOUWES,1607
Isabella LÖVIN,96675
Rupert LOWE,197759
Caroline LUCAS,4524
Francisco António LUCAS PIRES,1363
Bernd LUCKE,124820
Baroness Sarah LUDFORD,4529
Olle LUDVIGSSON,96673
Hans August LÜCKER,782
César LUENA,197721
Günter LÜTTGE,1076
Petru Constantin LUHAN,96823
Zenon-José LUIS PAZ,1613
Elżbieta Katarzyna ŁUKACIJEWSKA,96791
Klaus LUKAS,2277
Astrid LULLING,1186
Ulrike LUNACEK,97017
Torben LUND,4434
Nils LUNDGREN,28142
Peter LUNDGREN,124996
Florencio LUQUE AGUILAR,40602
Rudolf LUSTER,1259
Benoît LUTGEN,197458
Krystyna ŁYBACKA,124883
Arminas LYDEKA,23743
Finn LYNGE,1630
Elizabeth LYNNE,4541
George LYON,96959
Marusya LYUBCHEVA,37524
Stanisław ŁYŻWIŃSKI,23797
Albert Jan MAAT,4492
Jules MAATEN,4501
David McALLISTER,124806
Luigi MACARIO,776
Allan MACARTNEY,2168
Linda McAVAN,2327
Arlene McCARTHY,2173
John Joseph McCARTIN,1436
Maria Antonietta MACCIOCCHI,741
Emma McCLARKIN,96919
Professor Sir Neil MacCORMICK,4548
Henry Bell McCUBBIN,1317
Mary Lou McDONALD,28111
Giulio MACERATINI,1726
Michael McGOWAN,1402
Mairead McGUINNESS,28115
Petr MACH,84175
Antoni MACIEREWICZ,23885
Anne Caroline B. MCINTOSH,1299
Anthea McINTYRE,111011
Patricia McKENNA,2231
Aileen McLEOD,30490
Hugh R. McMAHON,1404
Edward MCMILLAN-SCOTT,1405
Eryl Margaret McNALLY,2064
Monica MACOVEI,96824
Ray MAC SHARRY,1622
Jamila MADEIRA,28317
Luís Filipe MADEIRA,1589
Alain MADELIN,1024
Jaak MADISON,197493
Barry MADLENER,96904
Vicky MAEIJER,97513
Nelly MAES,2335
Cristina MAESTRE MARTÍN DE ALMAGRO,197719
Emmanuel P.M. MAFFRE-BAUGÉ,1590
Magid MAGID,197812
Maria MAGNANI NOYA,994
Thomas Joseph MAHER,1437
Gepa MAIBAUM,1064
Hanja MAIJ-WEGGEN,1425
Ernst MAJONICA,777
Pierfrancesco MAJORINO,197592
Kurt MALANGRÉ,1260
Philippe MALAUD,1603
Aušra MALDEIKIENĖ,197835
Eugenijus MALDEIKIS,23745
Adriana MALDONADO LÓPEZ,197735
Christian de la MALÈNE,974
Franco E. MALERBA,2249
Ivana MALETIĆ,119436
Claude MALHURET,1025
Svetoslav Hristov MALINOV,111027
Jacques MALLET,1604
Minerva Melpomeni MALLIORI,4490
Helena MALLOTOVÁ,23703
Cecilia MALMSTRÖM,4273
Bernie MALONE,1895
Curzio MALTESE,125192
Noël MAMÈRE,2139
Andrejs MAMIKINS,124746
Jean-François MANCEL,1785
Claudiu MANDA,197653
Antonius MANDERS,4560
Lukas MANDL,190713
Ramona Nicole MĂNESCU,39717
Lucio MANISCO,2074
Vladimír MAŇKA,28192
Erika MANN,1898
Thomas MANN,1922
Jenő Vilmos MANNINGER,23817
Diamanto MANOLAKOU,28585
Adrian MANOLE,95016
Louis-Joseph MANSCOUR,124725
Agostino MANTOVANI,8
Mario MANTOVANI,4395
Andrea MANZELLA,2113
Ernest MARAGALL,124933
Florent MARCELLESI,26146
Georges MARCHAIS,1588
Roland MARCHESIN,778
Jean-Charles MARCHIANI,4364
Bogdan Kazimierz MARCINKIEWICZ,96792
Pol M.E.E. MARCK,1468
Jean-Claude MARCOURT,97021
Thierry MARIANI,197623
Notis MARIAS,125069
Marilena MARIN,2078
Francesca MARINARO,1597
Marian-Jean MARINESCU,33982
Luís MARINHO,1364
António MARINHO E PINTO,124742
Catiuscia MARINI,41006
Franco MARINI,4426
Ioannis MARINOS,4474
Elena MARINUCCI,2142
Christos MARKOPOULOS,779
Helmuth MARKOV,4303
Spyridon MARKOZANIS,780
Alain MARLEIX,1165
Erik MARQUARDT,197462
Sérgio MARQUES,4452
António Joaquim MARQUES MENDES,1365
António José MARQUES MENDES,1614
L-Onor. Margarida MARQUES,197638
Pedro MARQUES,197634
Alfonso Luigi MARRA,2191
Pedro MARSET CAMPOS,1975
John Leslie MARSHALL,1586
René MART,781
Claudio MARTELLI,1602
Maria MARTENS,4559
Wilfried A.E. MARTENS,1942
David MARTIN,1403
Dominique MARTIN,124751
Edouard MARTIN,124947
Hans-Peter MARTIN,4238
Hugues MARTIN,4341
Maurice MARTIN,770
Philippe-Armand MARTIN,2215
Simone M.M. MARTIN,946
Gilles MARTINET,771
Jean-Claude MARTINEZ,966
Miguel Angel MARTÍNEZ MARTÍNEZ,4346
Fulvio MARTUSCIELLO,124828
Michał MARUSIK,124894
Jan Tadeusz MASIEL,28375
Antonio MASIP HIDALGO,28338
Renato MASSARI,1793
Jiří MAŠTÁLKA,23704
Clemente MASTELLA,4462
Edith MASTENBROEK,28169
Emmanouil MASTORAKIS,4491
Barbara MATERA,96813
Graham MATHER,2079
Véronique MATHIEU HOUILLON,4412
Marisa MATIAS,96820
Predrag Fred MATIĆ,197441
Marjo MATIKAINEN-KALLSTRÖM,2308
Gabriel MATO,96936
Ana MATO ADROVER,28383
Marios MATSAKIS,23881
Yiannakis MATSIS,28516
Maria MATSOUKA,28575
Rupert MATTHEWS,188622
Vincenzo MATTINA,1011
Iosif MATULA,95017
Abel MATUTES JUAN,1988
Stefano MAULLU,133326
Fernando MAURA BARANDIARÁN,125039
Emmanuel MAUREL,24505
Mario MAURO,4393
Pierre MAUROY,772
Costas MAVRIDES,124691
Manolis MAVROMMATIS,28574
Kyriakos MAVRONIKOLAS,96906
Georgios MAVROS,1601
Eleni MAVROU,23729
Radka MAXOVÁ,197522
Eva MAYDELL,98341
Georg MAYER,38511
Alex MAYER,185637
Hans-Peter MAYER,4275
Sylvie MAYER,1128
Xaver MAYER,1916
Miquel MAYOL i RAYNAL,21813
Jaime MAYOR OREJA,28362
Federico MAYOR ZARAGOZA,1684
Zofija MAZEJ KUKOVIČ,39916
Beata MAZUREK,197538
Valentinas MAZURONIS,124768
Doktor Professor Liudas MAŽYLIS,197841
Antonio MAZZONE,958
Erminia MAZZONI,96817
Nora MEBRAK-ZAïDI,992
José Manuel MEDEIROS FERREIRA,1587
Manuel MEDINA ORTEGA,1337
Thomas MEGAHY,1406
Bruno A.A. MÉGRET,1166
Erhard MEIER,2098
Erik MEIJER,4508
Vangelis MEIMARAKIS,197662
Gesine MEISSNER,96870
Eugenio MELANDRI,1080
Dace MELBĀRDE,130256
Arne MELCHIOR,1896
Karen MELCHIOR,197567
Jean-Luc MÉLENCHON,96742
Joëlle MÉLIN,124765
Susanne MELIOR,124838
Mario MELIS,1100
Nuno MELO,96978
José MENDES BOTA,1140
Íñigo MÉNDEZ DE VIGO,1873
José María MENDILUCE PEREIRO,2007
Nélio MENDONÇA,2041
Emilio MENÉNDEZ del VALLE,4348
Pietro-Paolo MENNEA,4711
Domenico MENNITTI,21814
Winfried MENRAD,1041
Jean A.E.E. MEO,774
Judith A. MERKIES,96910
Meinolf MERTENS,1583
Friedrich MERZ,1077
Morten MESSERSCHMIDT,96663
Pierre MESSMER,775
Reinhold MESSNER,4419
Alajos MÉSZÁROS,96652
Tamás MESZERICS,124720
Roberta METSOLA,118859
Alman METTEN,1445
Tilly METZ,193292
Jörg MEUTHEN,190518
Willy MEYER,28407
Roberto MEZZAROMA,2254
Giovanni MICCICHÈ,193706
Victor J.J. MICHEL,767
Louis MICHEL,96670
Alberto MICHELINI,971
Martina MICHELS,120478
Marek Henryk MIGALSKI,96800
Rosa MIGUÉLEZ RAMOS,4349
Eugen MIHĂESCU,34000
Dan MIHALACHE,36696
Iskra MIHAYLOVA,125128
Karl-Heinrich MIHR,1261
Marianne MIKKO,28421
Miroslav MIKOLÁŠIK,28178
Sven MIKSER,197497
Guido MILANA,97020
Giuseppe MILAZZO,197824
Francisco José MILLÁN MON,28400
Bill MILLER,2135
Leszek MILLER,197540
Matthijs van MILTENBURG,125022
Anne-Marie MINEUR,125037
Johan van MINNEN,768
Joaquim MIRANDA,1356
Ana MIRANDA,24942
Ana MIRANDA DE LAGE,1307
Alexander MIRSKY,96999
Gay MITCHELL,28112
Pietro MITOLO,1867
Miroslavs MITROFANOVS,191695
Alfeo MIZZAU,1595
Marlene MIZZI,118858
Nickolay MLADENOV,38607
Angelika MLINAR,125026
Baroness Nosheena MOBARIK,189391
Marcello MODIANO,769
Silvia MODIG,197805
Hans MODROW,4301
Poul MØLLER,1584
Viktória MOHÁCSI,30099
Abdelkader MOHAMED ALI,2279
Shaffaq MOHAMMED,197811
Giulia MOI,124859
Sorin MOISĂ,124789
Viorica-Pompilia-Georgeta MOISUC,37450
Emilio MOLINARI,1615
Csaba MOLNÁR,124722
Andreas MÖLZER,28255
Peter Michael MOMBAUR,2226
Joseph A. MOMMERSTEEG,763
Philippe J.F. MONFILS,2273
Andoni MONFORTE ARREGUI,1608
Fernando MONIZ,2164
Gérard P.M.J. MONNIER-BESOMBES,1156
Bernard MONOT,124761
Enrique MONSONÍS DOMINGO,23735
Manuel F. MONTEIRO,2165
Cláudia MONTEIRO DE AGUIAR,124734
Brian MONTEITH,197704
Sophie MONTEL,124769
José María MONTERO ZABALA,1338
Enrico MONTESANO,1940
Aymeri de MONTESQUIOU FEZENSAC,952
Elizabeth MONTFORT,4362
Cristobal MONTORO ROMERO,28385
Dolors MONTSERRAT,197711
Clare MOODY,124944
James MOORHOUSE,1398
Claude MORAES,4519
Fernando MORÁN LÓPEZ,1339
Nadine MORANO,72779
Alberto MORAVIA,1596
Gisèle M.H. MOREAU,2080
Jacques P. MOREAU,764
Louise MOREAU,742
Vital MOREIRA,96930
Jorge MOREIRA DA SILVA,4454
Robert J. MORELAND,765
Javier MORENO SÁNCHEZ,28347
Enric MORERA CATALÀ,26811
Luigi MORETTI,1101
Alessandra MORETTI,124799
Eluned MORGAN,2171
Luigi MORGANO,124788
Claudio MORGANTI,97280
Luisa MORGANTINI,4453
Philippe MORILLON,4332
Elisabeth MORIN-CHARTIER,38596
Radvilė MORKŪNAITĖ-MIKULĖNIENĖ,96695
Raúl MORODO LEONCIO,1340
Giovanni MORONI,1594
David R. MORRIS,1399
Marlene MORTLER,197427
Alexandru-Ioan MORȚUN,34482
Krisztina MORVAI,96661
Alessia Maria MOSCA,124868
Pierre MOSCOVICI,1983
Marlies MOSIEK-URBAHN,1921
Didier MOTCHANE,1580
Ashley MOTE,28507
Dan-Ştefan MOTREANU,197647
Tiziano MOTTI,96760
Giuseppe MOTTOLA,1102
Jean MOUCHEL,1581
Nana MOUSKOURI,2183
Andżelika Anna MOŻDŻANOWSKA,197541
Ernest MÜHLEN,1591
Edith MÜLLER,2044
Emilia Franziska MÜLLER,4290
Gerd MÜLLER,1042
Günther MÜLLER,1592
Rosemarie MÜLLER,4268
Ernst MÜLLER-HERMANN,759
Werner MÜNCH,1262
Jan MULDER,1965
Ulrike MÜLLER,124862
June Alison MUMMERY,197603
María MUÑIZ DE URQUIZA,96701
Joaquim MUNS ALBUIXECH,1593
Hemmo J. MUNTINGH,1446
Siegfried MUREŞAN,124802
Simon Francis MURPHY,2045
Paul MURPHY,97344
Roberto MUSACCHIO,28977
Cristiana MUSCARDINI,1073
Joseph MUSCAT,28121
Renaud MUSELIER,124729
Francesco MUSOTTO,4471
Antonio MUSSA,21951
François MUSSO,960
Alessandra MUSSOLINI,28429
Christine MAYER,2237
Sebastiano (Nello) MUSUMECI,1944
Marie-Thérèse MUTIN,2321
Riitta MYLLER,2062
Vojtěch MYNÁŘ,114873
Caroline NAGTEGAAL,190519
József NAGY,124926
Sami NAÏR,4287
Pasqualina NAPOLETANO,1065
Vito NAPOLI,1897
Giorgio NAPOLITANO,1103
Juan Andrés NARANJO ESCOBAR,5537
Angelo NARDUCCI,760
Javier NART,125005
Hartmut NASSAUER,1920
Alessandro NATTA,1582
Mike NATTRASS,28506
Antonio NAVARRO,1149
Robert NAVARRO,28164
Alexandru NAZARE,95019
Jacqueline NEBOUT,743
Cătălin-Ioan NECHIFOR,39707
Clive John NEEDLE,2040
Victor NEGRESCU,88882
Giovanni NEGRI,1579
Momchil NEKOV,125013
Zsolt NÉMETH,23818
Riccardo NENCINI,2132
Catherine NERIS,38847
Lucy NETHSINGHA,197604
Harald NEUBAUER,1223
Lore NEUGEBAUER,1578
Hannah NEUMANN,197464
Norbert NEUSER,96844
Katarína NEVEĎALOVÁ,96653
Arthur Stanley NEWENS,1400
Edward NEWMAN,1401
Bill NEWTON DUNN,1394
Nadezhda NEYNSKY,96861
Annemie NEYTS-UYTTEBROECK,1946
Dimitrios NIANIAS,1032
Dan NICA,124784
James NICHOLSON,1318
Baroness NICHOLSON OF WINTERBOURNE,4522
Norica NICOLAI,96825
Sir David Lancaster NICOLSON,761
Rareș-Lucian NICULESCU,39714
Professor Doktor Angelika NIEBLER,4289
Luděk NIEDERMAYER,124701
Péter NIEDERMÜLLER,124723
Jørgen Brøndlund NIELSEN,1573
Tove NIELSEN,1244
Niklas NIENASS,197465
Cora van NIEUWENHUIZEN,125019
Ville NIINISTÖ,197802
Lefteris NIKOLAOU-ALAVANOS,197734
Kalliopi NIKOLAOU,744
Konstantinos NIKOLAOU,725
Jens NILSSON,111024
Liadh NÍ RIADA,124987
Lambert van NISTELROOIJ,28165
Giuseppe NISTICO',4749
Sławomir NITRAS,96794
Egbert NITSCH,1577
Mauro NOBILIA,4744
Camilo NOGUEIRA ROMÁN,4380
Maria NOICHL,124836
Hans R. NORD,1574
Franz-Josef NORDLOHNE,762
Jean-Thomas NORDMANN,1194
Sir Tom NORMANTON,1575
Wolfgang von NOSTITZ,1571
Harry A.C.M. NOTENBOOM,756
Charles-Ferdinand NOTHOMB,758
Ljudmila NOVAK,28294
Andrey NOVAKOV,107212
Diego NOVELLI,1674
Hervé NOVELLI,4357
Honório NOVO,2047
Alfonso NOVO BELENGUER,2284
Wolfgang NUßBAUMER,2203
Paul NUTTALL,96805
Kai NYBORG,757
Grace O'SULLIVAN,197889
Franz OBERMAYR,96981
Raimon OBIOLS,4328
Achille OCCHETTO,1094
Janina OCHOJSKA,197542
John O'CONNELL,750
Christine Margaret ODDY,1178
Tom G. O'DONNELL,1570
Jean A. OEHLER,751
Jan-Christoph OETJEN,197432
Patrick O'FLYNN,124940
Vural ÖGER,28230
The Lord O'HAGAN,1395
Outi OJALA,2299
Juan OJEDA SANZ,4316
Kristiina OJULAND,97230
Jens Dyhr OKKING,4438
Péter OLAJOS,28636
Jan OLBRYCHT,28288
Michael O'LEARY,752
Wojciech Michał OLEJNICZAK,96783
Juozas OLEKAS,197838
Kjeld OLESEN,753
Francisco OLIVA GARCIA,1341
Philippe OLIVIER,197687
Karl Erik OLSSON,2068
Flor O'MAHONY,754
(Chris) Christopher Gerard O'MALLEY,1572
Younous OMARJEE,30482
Seán Ó NEACHTAIN,22861
Gérard ONESTA,1838
Leyla ONUR,1053
Janusz ONYSZKIEWICZ,28387
Ria OOMEN-RUIJTEN,1122
Arie M. OOSTLANDER,1282
Jeanette OPPENHEIM,1562
Dumitru OPREA,39723
Marcelino OREJA,1150
Marcelino OREJA ARBURÚA,22948
Flavio ORLANDI,755
Leoluca ORLANDO,2152
Leopoldo ORTIZ CLIMENT,1151
Maria del Carmen ORTIZ RIVAS,26680
Eva ORTIZ VILELLA,111019
Josu ORTUONDO LARREA,4377
Csaba ŐRY,23819
Jyrki OTILA,2300
Barbara O'TOOLE,4534
Miroslav OUZKÝ,23705
Aristidis OUZOUNIDIS,746
Henrik OVERGAARD NIELSEN,197712
Siiri OVIIR,26829
Cem ÖZDEMIR,28235
Stanisław OŻÓG,124897
Saara-Maria PAAKKINEN,2063
Reino PAASILINNA,2301
Pertti PAASIO,2302
Artis PABRIKS,124743
Pedro PACHECO HERRERA,1143
José PACHECO PEREIRA,4449
Elena Ornella PACIOTTI,4415
Doris PACK,1191
Ralph PACKET,195454
Ivari PADAR,97025
Urmas PAET,129073
Athanasios PAFILIS,28583
Maria Grazia PAGANO,72727
Maite PAGAZAURTUNDÚA,125038
Dimitrios PAGOROPOULOS,1050
Borut PAHOR,28312
Aline PAILLER,2083
Ian R.K. PAISLEY,1396
Giancarlo PAJETTA,1557
Riikka PAKARINEN,96685
Rolandas PAKSAS,96694
Ana PALACIO VALLELERSUNDI,1995
Loyola de PALACIO VALLELERSUNDI,4307
Justas Vincas PALECKIS,28279
Alena PALEČKOVÁ,23843
István PÁLFI,28147
Chrysoula PALIADELI,97007
Alfredo PALLONE,97197
Veronica PALM,2334
Rory PALMER,190099
Roger PALMIERI,1567
Stylianos PANAGOPOULOS,2180
Marie PANAYOTOPOULOS-CASSIOTOU,28571
Vladko Todorov PANAYOTOV,38602
Monika PANAYOTOVA,116663
Gabriele PANIZZI,2101
Marco PANNELLA,1002
Konstantina PANTAZI,1540
Alessandro PANZA,99283
Pier Antonio PANZERI,28365
Massimo PAOLUCCI,124849
Demetris PAPADAKIS,124692
Kostas PAPADAKIS,125093
Dimitrios PAPADIMOULIS,28586
Antigoni PAPADOPOULOU,97050
Efstratios PAPAEFSTRATIOU,730
Apostolos PAPAGEORGIOU,747
Giorgos PAPAKONSTANTINOU,97006
Nikolaos PAPAKYRIAZIS,1568
Georgios PAPANIKOLAOU,96900
Ioannis PAPANTONIOU,748
Giovanni PAPAPIETRO,1555
Atanas PAPARIZOV,34229
Georgios PAPASTAMKOS,28572
Mihail PAPAYANNAKIS,1051
Christiane PAPON,1563
Christos PAPOUTSIS,1457
Gilles PARGNEAUX,96948
Gastone PARIGI,1943
Neil PARISH,4528
Margot PARKER,124945
Eolo PARODI,233
Roger PARTRAT,1712
Karl PARTSCH,1078
Antonyia PARVANOVA,34234
Ioan Mircea PAŞCU,33984
Jaroslav PAŠKA,96654
Charles PASQUA,4359
Agnieszka PASTERNAK,23890
Paolo PASTORELLI,21816
Jean-Claude PASTY,1205
Ioannis PATAKIS,6020
Maria do Céu PATRÃO NEVES,96902
Aldo PATRICIELLO,36392
Béatrice PATRIE,4309
Matthew PATTEN,197620
(Ben) George Benjamin PATTERSON,1397
Séamus PATTISON,745
René A.L. PAULHAN,736
Marit PAULSEN,4270
Jutta PAULUS,197466
Jeanne M. PAUWELYN,704
Emilian PAVEL,129256
Rolandas PAVILIONIS,28289
Jiří PAYNE,189507
Andrew PEARCE,1551
Andrzej Lech PĘCZAK,23770
Piernicola PEDICINI,124844
Mario PEDINI,726
Kris PEETERS,197420
Jorge PEGADO LIZ,1546
Karla M.H. PEIJS,1123
Vincent PEILLON,28166
Bogdan PĘK,28337
Mauri PEKKARINEN,197563
Mikuláš PEKSA,197539
Jiri PELIKAN,1552
Anne-Sophie PELLETIER,197527
Seppo Viljo PELTTARI,2117
Jean J.M. PENDERS,1447
Tsvetelina PENKOVA,197845
Anastassios PEPONIS,737
Daniel PERCHERON,738
Sandra PEREIRA,197754
Manuel PEREIRA,1553
Virgílio PEREIRA,1357
Lídia PEREIRA,197738
José PEREIRA LOPEZ,1547
Andrés PERELLÓ RODRÍGUEZ,96989
Manuel PÉREZ ÁLVAREZ,4320
Fernando PÉREZ ROYO,1333
Luis Guillermo PERINAT ELIO,1549
Carlos PERREAU DE PINNINCK DOMENECH,1220
Roy PERRY,2084
Hartmut PERSCHAU,1079
Kristina PERSSON,2069
Nicole PERY,1068
Ioannis PESMAZOGLOU,1043
Mikko PESÄLÄ,4259
Helwin PETER,973
Kira Marie PETER-HANSEN,197573
Alojz PETERLE,23693
(Hans) Johannes Wilhelm PETERS,1252
Eggert PETERSEN,739
Morten PETERSEN,124872
Marijana PETIR,124749
Maria PETRE,34002
Francesco PETRONIO,1550
Sandra PETROVIĆ JAKOVINA,119441
Luciano PETTINARI,2133
Gabriele PEUS,1564
Peter PEX,1963
Gero PFENNIG,1632
Pierre PFLIMLIN,1545
Tobias PFLÜGER,28249
Florian PHILIPPOT,110977
Alexandra Louise Rosenfield PHILLIPS,197710
Alexandra Lesley PHILLIPS,99461
Alphonsine M.J. PHLIX,693
Flaminio PICCOLI,740
Pina PICIERNO,124846
Tonino PICULA,112744
Bolesław G. PIECHA,124874
Willi PIECYK,1866
Jerzy PIENIĄŻEK,23719
Markus PIEPER,28224
Dorothee PIERMONT,1054
Filippos PIERROS,1052
Sirpa PIETIKÄINEN,40599
Yves PIÉTRASANTA,4390
Sabrina PIGNEDOLI,197619
Kirsi Katariina PIHA,2303
Rihards PĪKS,23848
Carlos PIMENTA,1358
João PIMENTA LOPES,136236
Manu PINEDA MARÍN,197828
Eric PINEL,2316
João de Deus PINHEIRO,28381
Sergio PININFARINA,1544
Józef PINIOR,28392
Maria de Lourdes PINTASILGO,1565
Jean-François A. PINTAT,720
Pedro Augusto PINTO,1548
Michel PINTON,1876
Karel A.H.A.M. PINXTEN,1293
Mirosław PIOTROWSKI,28341
René-Emile PIQUET,1157
Maxette PIRBAKAS,197629
Kati PIRI,37229
Umberto PIRILLI,29073
Mario PIRILLO,96890
Georgi PIRINSKI,124855
Hubert PIRKER,2307
Fritz PIRKL,1254
Edgard Edouard PISANI,721
Giuliano PISAPIA,197590
Joaquim PISCARRETA,22684
Giuseppe PISICCHIO,4456
Paweł Bartłomiej PISKORSKI,28296
Dragoş PÎSLARU,197663
Ferruccio PISONI,1003
Nino PISONI,983
Lapo PISTELLI,28420
Julia PITERA,124898
Andreas PITSILLIDES,118144
Terrence J. (Terry) PITT,1777
Gianni PITTELLA,4436
Manuel PIZARRO,197732
Edouard C.M.P. des PLACES,2222
Luis PLANAS PUCHADES,1334
Spyridon PLASKOVITIS,1543
Francisca PLEGUEZUELOS AGUILAR,28326
Andrej PLENKOVIĆ,112755
Zita PLEŠTINSKÁ,28173
Athanasios PLEVRIS,97010
Artur PLOKŠTO,23738
Elly PLOOIJ-VAN GORSEL,1966
The Lord PLUMB,1389
Rovana PLUMB,38595
Marek PLURA,124881
Pavel POC,96715
Miroslav POCHE,124699
Guido PODESTÀ,2046
Radu PODGOREAN,33985
Bogdan Leszek PODGÓRSKI,23720
Anni PODIMATA,39317
Zdzisław Zbigniew PODKAŃSKI,28391
Janez PODOBNIK,23698
Hans POETSCHKI,1561
Danilo POGGIOLINI,2029
Salvatore Domenico POGLIESE,124853
Samuli POHJAMO,2340
Bernard POIGNANT,4311
Henriette POIRIER,732
Anne Christine POISSON,2220
Stanislav POLČÁK,124704
Lydie POLFER,28862
Jessica POLFJÄRD,197404
Adriana POLI BORTONE,4467
Anita Jean POLLACK,1300
Peter POLLÁK,197765
José Javier POMÉS RUIZ,1882
Mario POMILIO,1559
Alain POMPIDOU,1206
Christian PONCELET,733
Maurice PONGA,96931
Michel C. PONIATOWSKI,1541
Emmanouil PONIRIDIS,734
Bernard PONS,1585
Josep E. PONS GRAU,1335
Jacques F. POOS,4427
Răzvan POPA,189490
Mihaela POPA,39715
Nicolae Vlad POPA,34003
Petre POPEANGĂ,33986
Gustave A. PORDEA,1560
Tomasz Piotr PORĘBA,96801
Giacomo PORRAZZINI,1095
Luisa PORRITT,197700
Miguel PORTAS,28406
Paulo PORTAS,4459
Manuel PORTO,1141
José Domingo POSADA GONZÁLEZ,1885
Walter POSCH,2205
Horst POSDORF,34727
Jiří POSPÍŠIL,23845
Jiří POSPÍŠIL,125706
Bernd POSSELT,2229
Joop POST,38160
Soraya POST,124997
Hans-Gert PÖTTERING,1253
Lars POULSEN,1558
Konstantinos POUPAKIS,96658
Pierre PRADIER,2240
Derek PRAG,1390
Pierre-Benjamin PRANCHÈRE,1542
Cristian Dan PREDA,96838
Phil PRENDERGAST,107386
Christa PRETS,4239
Marcus PRETZELL,124830
Gabriele PREUSS,124888
Pierre PRIBETICH,38845
Peter N. PRICE,1391
Giovanni PROCACCI,4460
Nicola PROCACCINI,197820
John PROCTER,185628
Vittorio PRODI,28370
Bartho PRONK,953
Jacek PROTASIEWICZ,23782
Mihaïl PROTOPAPADAKIS,735
Franck PROUST,108080
Sir Christopher J. PROUT (Lord Kingsland) ,1392
James L.C. PROVAN,1538
Fiorello PROVERA,96994
Marie-Jane PRUVOT,694
Elda PUCCI,1862
Alonso José PUERTA,1033
Albert PÜRSTEN,727
Jake PUGH,197813
Ruggero PULETTI,728
Carolina PUNSET,90110
Eduardo PUNSET I CASALS,1336
John PURVIS,729
Vasile PUȘCAȘ,38270
Sylwia PUSZ,23771
Maartje J.A. van PUTTEN,1241
Luís QUEIRÓ,4461
Jean QUERBES,1894
Joyce G. QUIN,1537
Godelieve QUISTHOUDT-ROWOHL,1055
Eva-Maria QUISTORP,1056
Renate-Charlotte RABBETHGE,1520
Reinhard RACK,2206
Miroslav RADAČOVSKÝ,197764
Emil RADEV,124850
Jozo RADOŠ,112753
Lucien RADOUX,711
Dennis RADTKE,188945
Alexander RADWAN,4292
Bilyana Ilieva RAEVA,38600
Samira RAFAELA,197868
Elżbieta RAFALSKA,197544
Jean-Pierre RAFFARIN,1207
Jean-Pierre RAFFIN,1837
Thomas RAFTERY,1539
Georgios RAFTOPOULOS,1890
Andrea RAGGIO,1004
Ona RAINYTÉ-BODARD,28273
Juan de Dios RAMÍREZ HEREDIA,1329
Christa RANDZIO-PLATH,1192
Paulo RANGEL,96903
Hella RANNER,96879
Miloslav RANSDORF,23706
Bernhard RAPKAY,1906
Sylvana RAPTI,96925
Daniela RASCHHOFER,2292
Poul Nyrup RASMUSSEN,28149
Giuseppe RAUTI,1005
Patricia E. RAWLINGS,1301
Michel RAYMOND,4411
Imelda Mary READ,1302
Laurenţiu REBEGA,124792
Julia REDA,124816
Viviane REDING,1185
Encarnación REDONDO JIMÉNEZ,1998
Annunziata Mary REES-MOGG,197612
Tullio Eugenio REGGE,1096
Luisa REGIMENTI,197790
Evelyn REGNER,96998
Sira REGO,197681
Klaus REHDER,2233
Elisabeth REHN,2118
Olli REHN,2119
Mathias REICHHOLD,2207
Alfredo REICHLIN,1532
Julia REID,106202
Guido REIL,197488
Janno REILJAN,23863
Britta REIMERS,96875
Michel REIMON,124935
Terry REINTKE,103381
Fernando REIS,4457
Marcel Gh.A.A. REMACLE,1535
Vladimír REMEK,28330
Eugène L. REMILLY,722
María Dolores RENAU I MANEN,1519
Mitro REPO,96686
Karin RESETARITS,28254
Karlo RESSLER,197413
Herbert REUL,28225
Christine REVAULT D'ALLONNES BONNEFOY,124287
Jean REY,712
Marc REYMANN,1016
Marie-Line REYNAUD,28168
Sir Brandon RHYS WILLIAMS,713
Diana RIBA I GINER,197832
Sérgio RIBEIRO,234
Sofia RIBEIRO,124733
José RIBEIRO E CASTRO,5570
Mónica RIDRUEJO,4310
Helmut Martin RIEGER,716
Teresa RIERA MADURELL,28349
Frédérique RIES,4253
Susanne RIESS-PASSER,2208
Mario RIGO,1536
Karin RIIS-JØRGENSEN,1926
Niccolò RINALDI,97229
Antonio Maria RINALDI,197787
Günter RINSCHE,1255
Carlo RIPA DI MEANA,717
Carlos RIPOLL Y MARTÍNEZ DE BEDOYA,4325
Dominique RIQUET,96885
Klaus RISKÆR PEDERSEN,965
Sheila RITCHIE,197815
Michèle RIVASI,96743
Crescenzio RIVELLINI,97199
Giovanni RIVERA,33611
Jérôme RIVIÈRE,197615
Hector RIVIEREZ,709
Marco RIZZO,28410
Jean ROATTA,111068
Franco ROBERTI,197801
Dame Shelagh ROBERTS,1521
Carlos ROBLES PIQUER,1330
Maria ROBSAHM,28128
Giovanni ROBUSTI,58757
Michel ROCARD,1977
Robert ROCHEFORT,97022
Didier ROD,4387
Liliana RODRIGUES,125099
Maria João RODRIGUES,124737
Inma RODRÍGUEZ-PIÑERO,125043
Teresa RODRIGUEZ-RUBIO,125033
Eugenia RODRÍGUEZ PALOP,197785
María Soraya RODRÍGUEZ RAMOS,4344
Ulrike RODUST,93624
François M.G.A.Ch.F. ROELANTS DU VIVIER,1534
Joanna RØNN,1245
Mikko RÖNNHOLM,2120
Dieter ROGALLA,1256
Bogusław ROGALSKI,28343
Allan R. ROGERS,718
Helena RÖGNEROVÁ,26836
Jens ROHDE,96710
Zuzana ROITHOVÁ,28352
Claude ROLIN,125107
Hector ROLLAND,719
Luca ROMAGNOLI,28457
Rosario ROMEO,1718
Georgios ROMEOS,1458
Domènec ROMERA I ALCÀZAR,1331
Carmen ROMERO LÓPEZ,96990
Raül ROMEVA i RUEDA,28409
Pino ROMUALDI,1727
Sándor RÓNAI,197584
Edoardo RONCHI,1097
Daniela RONDINELLI,197792
Licia RONZULLI,96819
Alexander de ROO,4505
Rob ROOKEN,197776
Robert ROOS,197709
Caroline ROOSE,197506
Yvonne M.C.Th. van ROOY,1618
Bronis ROPĖ,125214
Walter ROSA,1533
Raúl Miguel ROSADO FERNANDES,2166
Dariusz ROSATI,28394
Anna ROSBACH,96664
Marie-France de ROSE,2241
Frédéric ROSMINI,1208
Tadeusz ROSS,122317
Giorgio ROSSETTI,1006
Oreste ROSSI,97196
André ROSSI,1702
Tommaso ROSSI,1531
Wojciech ROSZKOWSKI,28356
Claudia ROTH,1057
Dagmar ROTH-BEHRENDT,1183
Mechtild ROTHE,1237
Willi ROTHLEY,1247
Yiannis ROUBATIS,2178
Libor ROUČEK,23707
Yvette ROUDY,695
André ROUGÉ,197690
Panayotis ROUMELIOTIS,1044
Martine ROURE,4313
Jacqueline ROUSSEAUX,26621
Jean-Pierre ROUX,1711
Christian ROVSING,1269
Catherine ROWETT,197602
Robert ROWLAND,197733
Virginie ROZIÈRE,103845
Fernando RUAS,124730
Xavier RUBERT DE VENTÓS,1320
Paul RÜBIG,2278
Alfreds RUBIKS,96988
Luisa Fernanda RUDI UBEDA,28378
Mario Giovanni Guerriero RUFFINI,1098
Giorgio RUFFOLO,714
Heide RÜHLE,4294
Bert-Jan RUISSEN,197773
Guadalupe RUIZ-GIMÉNEZ AGUILAR,1246
José María RUIZ-MATEOS JIMÉNEZ DE TEJADA,985
Domènec RUIZ DEVESA,127096
Mariano RUMOR,715
Pirkko RUOHONEN-LERNER,132366
Flaviu Călin RUS,72759
Pirjo RUSANEN,2121
Francesco RUTELLI,4431
Krzysztof RUTKOWSKI,23801
Leopold Józef RUTOWICZ,28376
Eoin RYAN,28113
Richie RYAN,220
Bengt-Ola RYTTAR,2070
Mirja RYYNÄNEN,2122
Bogdan RZOŃCA,197545
Luis SA',1960
Victor SABLÉ,710
Henri SABY,975
Guido SACCONI,4425
Lennart SACRÉDEUS,4305
Kārlis ŠADURSKIS,111033
Bernhard SÄLZER,1248
Tokia SAÏFI,4345
André SAINJON,1158
Jean SAINT-JOSSE,4410
Dominique SAINT-PIERRE,2242
Aloyzas SAKALAS,28281
Jannis SAKELLARIOU,1249
Sofia SAKORAFA,125091
Katrin SAKS,37200
José Ignacio SALAFRANCA SÁNCHEZ-NEYRA,2002
Potito SALATTO,96889
Nikolaos SALAVRAKOS,99416
Margarida SALEMA O. MARTINS,1121
María Isabel SALINAS GARCÍA,28361
Massimiliano SALINI,125670
Heinke SALISCH,1196
Matteo SALVINI,28404
Antonis SAMARAS,28548
Detlev SAMLAND,1031
Anders SAMUELSEN,28160
Felipe SANCHEZ-CUENCA MARTINEZ,1528
Nacho SÁNCHEZ AMOR,197722
Lola SÁNCHEZ CALDENTEY,125035
Isidoro SÁNCHEZ GARCÍA,1868
Antolín SÁNCHEZ PRESEDO,28295
Marie-Thérèse SANCHEZ-SCHMID,96746
Yvonne SANDBERG-FRIES,2072
Ulla Margrethe SANDBÆK,1067
Anne SANDER,24594
Maria Johanna (Marieke) SANDERS-TEN HOLTE,4502
Alfred SANT,124781
Pedro Miguel de SANTANA LOPES,1526
Jacques SANTER,698
Giacomo SANTINI,2252
Jacques SANTKIN,6023
Michele SANTORO,28333
Maria Amélia SANTOS,944
Diego de los SANTOS LÓPEZ,238
Manuel dos SANTOS MACHADO,1527
Isabel SANTOS,197650
Manuel dos SANTOS,21918
Sebastiano SANZARELLO,58727
Francisco Javier SANZ FERNÁNDEZ,1332
Salvador Domingo SANZ PALACIO,40603
Enrique SAPENA GRANELL,1324
Daciana Octavia SÂRBU,33989
Silvia SARDONE,197578
Judith SARGENTINI,96815
Georgios SARIDAKIS,1459
Nicolas SARKOZY,4339
Pavlos SARLIS,1045
Georges SARRE,705
Amalia SARTORI,4423
Petri SARVAMAA,112611
Jacek SARYUSZ-WOLSKI,28297
Mario SASSANO,706
David Maria SASSOLI,96864
Mounir SATOURI,197500
Algirdas SAUDARGAS,96696
Francisca SAUQUILLO PÉREZ DEL ARCO,2005
Gilles SAVARY,4306
Toomas SAVI,23864
Vilja SAVISAAR-TOOMAST,97308
Casimir J. Prinz zu SAYN-WITTGENSTEIN-BERLEBURG,707
Luciana SBARBATI,4428
Gabriele SBOARINA,1090
Dana Rosemary SCALLON,4389
Marie-Claire SCAMARONI,696
Umberto SCAPAGNINI,2194
Michel-Ange SCARBONCHI,2312
Marietje SCHAAKE,96945
Axel SCHÄFER,2232
Jean-Luc SCHAFFHAUSER,124755
Anne-Marie SCHAFFNER,2020
Christel SCHALDEMOSE,37312
Wolfgang SCHALL,708
Pierre SCHAPIRA,28172
Karin SCHEELE,4242
Lydia SCHENARDI,28211
Giuseppe SCHIAVINATO,1525
Andreas SCHIEDER,197670
Edgar Josef SCHIEDERMEIER,1883
Rudolf F. SCHIELER,699
Agnes SCHIERHUBER,2209
Luciano SCHIFONE,2325
Margaritis SCHINAS,39315
Dieter P.A. SCHINZEL,1238
Martin SCHIRDEWAN,190517
Marcel SCHLECHTER,235
Emil SCHLEE,1069
Ursula SCHLEICHER,1197
Elly SCHLEIN,124804
Poul SCHLÜTER,1903
Carl SCHLYTER,28139
Gerhard SCHMID,1239
Herman SCHMID,4304
Barbara SCHMIDBAUER,1198
Claudia SCHMIDT,125016
Frithjof SCHMIDT,28237
Olle SCHMIDT,4274
Simone SCHMIEDTBAUER,197656
Lydie SCHMIT,1518
Nicolas SCHMIT,197428
Heinz SCHMITT,688
Ingo SCHMITT,4272
Pál SCHMITT,28133
Christine SCHNEIDER,197422
Horst SCHNELLHARDT,1930
Birgit SCHNIEBER-JASTRAM,96827
Paul SCHNITKER,700
Hans-Günter SCHODRUCH,1214
Karl SCHÖN,701
Konrad SCHÖN,1517
Franz SCHÖNHUBER,1215
Inger SCHÖRLING,2267
Helmut SCHOLZ,96646
György SCHÖPFLIN,28135
Pierre SCHORI,4263
Heinz SCHREIBER,1516
Annie SCHREIJER-PIERIK,125030
Liesje SCHREINEMACHER,197869
Erich SCHREINER,2210
Jürgen SCHRÖDER,1858
Ilka SCHRÖDER,4296
Elisabeth SCHROEDTER,1933
Martin SCHULZ,1911
Werner SCHULZ,96731
Sven SCHULZE,124809
Joachim SCHUSTER,124837
Willem SCHUTH,28245
Andreas SCHWAB,28223
Konrad K. SCHWAIGER,2227
Frank SCHWALBA-HOTH,1529
Léon SCHWARTZENBERG,978
Roger-Gérard SCHWARTZENBERG,702
Karl SCHWEITZER,2211
Olaf SCHWENCKE,703
Leonardo SCIASCIA,697
Edward SCICLUNA,96671
Sir James SCOTT-HOPKINS,1393
Giancarlo SCOTTÀ,96996
Molly SCOTT CATO,124942
Christiane SCRIVENER,1600
Marco SCURRIA,96843
Barry H. SEAL,1385
Jordi Vicent SEBASTIA TALAVERA,125053
Carlo SECCHI,2050
Romanas Algimantas SEDLICKAS,26830
Salvador SEDÓ i ALABART,111018
Richard SEEBER,28252
Gitte SEEBERG,28158
Horst SEEFELD,1513
Ralf SEEKATZ,197425
Hans-Joachim SEELER,1514
Luděk SEFZIG,23847
Inger SEGELSTRÖM,28129
Mariotto SEGNI,2027
Sergio Camillo SEGRE,1515
António José SEGURO,4444
Olga SEHNALOVÁ,96718
Lieselotte SEIBEL-EMMERLING,1503
Françoise SEILLIER,2216
Jean SEITLINGER,689
Stéphane SÉJOURNÉ,197508
Madron Richard SELIGMAN,1386
Jasenko SELIMOVIC,134243
Anders SELLSTRÖM,194658
Gustavo SELVA,1524
Monica SEMEDO,197418
Nico SEMSROTT,197423
Maria Lidia SENRA RODRÍGUEZ,125049
Joanna SENYSZYN,96789
Esko SEPPÄNEN,2304
Gheorghe Vergil ȘERBU,37451
Remo SERNAGIOTTO,124794
Debora SERRACCHIANI,96865
Ricardo SERRÃO SANTOS,124741
Jozef ŠEVC,23877
Adrian SEVERIN,33990
Jill SEYMOUR,124950
Vittorio SGARBI,4421
Alexander SHERLOCK,1512
Lydia SHOULEVA,34236
Peter SICHROVSKY,2293
Günther SIDL,197677
Hellmut SIEGLERSCHMIDT,687
Czesław Adam SIEKIERSKI,23787
Mateo SIERRA BARDAJÍ,1325
Angela del Carmen SIERRA GONZÁLEZ,1974
Nikolaos SIFUNAKIS,28582
Eva-Riitta SIITONEN,95014
Radosław SIKORSKI,197548
Ovidiu Ioan SILAGHI,33991
José SILVA DOMINGOS,1530
José Albino SILVA PENEDA,28402
Pedro SILVA PEREIRA,124747
Sergio Paolo Francesco SILVESTRIS,96755
Michal ŠIMEČKA,103746
Max SIMEONI,1159
Richard J. SIMMONDS,1387
Peter SIMON,96836
Siôn SIMON,124948
Maurice-René SIMONNET,690
Chantal SIMONOT,28212
Barbara SIMONS,1187
Sven SIMON,197426
Anthony M.H. SIMPSON,1388
Brian SIMPSON,1309
Ivan Vilibor SINČIĆ,197935
Nicole SINCLAIRE,96960
Niels SINDAL,1900
Kathy SINNOTT,28119
Birgit SIPPEL,96932
Majda ŠIRCA,26821
Joaquín SISÓ CRUELLAS,1200
Marek SIWIEC,28380
Jonas SJÖSTEDT,2268
Peter SKINNER,2081
Nina ŠKOTTOVÁ,28319
Sven SKOVMAND,691
Branislav ŠKRIPEK,124927
Davor ŠKRLEC,124756
Joanna Katarzyna SKRZYDLEWSKA,96770
Theodoros SKYLAKAKIS,97018
Sara SKYTTEDAL,197390
Andrey SLABAKOV,197849
Inese ŠLESERE,26740
Massimiliano SMERIGLIO,197791
Miet SMET,4240
Alex SMITH,1310
Alyn SMITH,28508
Llewellyn T. SMITH,1381
Robert SMOLEŃ,23772
Monika SMOLKOVÁ,96655
Jerzy Kazimierz SMORAWIŃSKI,23722
João SOARES,2160
Mário SOARES,4443
Stefan SOFIANSKI,34256
Csaba SÓGOR,39724
Timo SOINI,96666
Michaela ŠOJDROVÁ,124710
Tomislav SOKOL,197417
Juris SOKOLOVSKIS,26932
Jordi SOLÉ,185974
Susana SOLÍS PÉREZ,197784
Igor ŠOLTES,125003
Irene Barbara Lilia SOLTWEDEL-SCHÄFER,1936
Renate SOMMER,4282
Søren Bo SØNDERGAARD,37676
Bogusław SONIK,28299
Martin SONNEBORN,124834
Jan SONNEVELD,1283
Sophocles SOPHOCLEOUS,114840
Ole B. SØRENSEN,22282
Patsy SÖRENSEN,4244
Cristina SORIANO GIL,26809
María SORNOSA MARTÍNEZ,1970
Renato SORU,124860
Francisco SOSA WAGNER,97170
Dobromir SOŚNIERZ,192298
Dominique F.C. SOUCHET,2219
Ioannis SOULADAKIS,4485
Bernard SOULAGE,95298
André SOULIER,1871
Catherine SOULLIE,97294
Alda SOUSA,113487
Sérgio SOUSA PINTO,4445
Evanghelos SOUSSOUROYANNIS,692
Antoinette SPAAK,683
Leopold SPÄTH,1522
Jean SPAUTZ,684
Roberto SPECIALE,1091
Tom SPENCER,972
Francesco Enrico SPERONI,997
James W. SPICER,678
Shaun Mark SPIERS,2104
Michael SPINDELEGGER,2052
Altiero SPINELLI,1643
Barbara SPINELLI,124810
Sylwia SPUREK,197550
Maria SPYRAKI,125064
Vera SQUARCIALUPI,1501
Ewald STADLER,111026
Bart STAES,4751
Paul M.J. STAES,1469
Ioannis STAMOULIS,1046
Raffaele STANCANELLI,197825
Cristian STĂNESCU,37449
Sergei STANISHEV,124852
Grażyna STANISZEWSKA,28388
Joachim STARBATTY,124827
Giovanni STARITA,1523
Margarita STARKEVIČIŪTĖ,28285
Karin STARRIN,2146
Bernard STASI,2028
Laurence J.A.J. STASSEN,96905
Peter ŠŤASTNÝ,28170
Graf von Franz Ludwig, Schenk STAUFFENBERG,1240
Gabriele STAUNER,4293
Georgios STAVRAKAKIS,97008
Petya STAVREVA,38608
Konstantinos STAVROU,1460
Louis STEDMAN-BRYCE,197814
Ivan ŠTEFANEC,124929
Nicolae ŞTEFĂNUȚA,58766
Jessica STEGRUD,197399
Jutta STEINRUCK,96831
Carlo STELLA,685
Marjatta STENIUS-KAUKONEN,2124
Per STENMARCK,2147
Ursula STENZEL,2294
Dirk STERCKX,4243
Jaromír ŠTĚTINA,124702
John C.C. STEVENS,1146
Helga STEVENS,125105
George W. STEVENSON,1382
Struan STEVENSON,4546
Kenneth A. STEWART,1383
Sir Jack STEWART-CLARK,1384
Davor Ivo STIER,119435
Catherine STIHLER,4545
Jean-Pierre STIRBOIS,1649
Marie-France STIRBOIS,2061
Ulrich STOCKMANN,1859
The Earl Of STOCKTON,4526
Daniël van der STOEP,96946
Theodor Dumitru STOLOJAN,39721
Beatrix von STORCH,124825
Dimitar STOYANOV,34254
Emil STOYANOV,96863
Ernst STRASSER,96766
Giorgio STREHLER,686
Ivo STREJČEK,28320
Frédéric STRIBY,2221
Michèle STRIFFLER,96860
Tineke STRIK,197772
Daniel STROŽ,28339
Ramona STRUGARIU,134605
Alexander STUBB,28261
Olaf STUGER,125028
Robert STURDY,2037
Christos STYLIANIDES,124688
Fernando SUÁREZ GONZÁLEZ,1326
Margie SUDRE,4340
Professor Dubravka ŠUICA,119434
Petr ŠULÁK,23709
Richard SULÍK,124928
Patricija ŠULIN,125103
David SUMBERG,4539
Ilkka SUOMINEN,4257
László SURJÁN,23820
Gianluca SUSTA,36396
Georges SUTRA DE GERMA,1511
Alf SVENSSON,96678
Eva-Britt SVENSSON,28134
Jörn SVENSSON,2269
Pavel SVOBODA,23708
Pavel SVOBODA,96272
Joke SWIEBEL,4486
Kay SWINBURNE,96920
Hannes SWOBODA,2295
Neoklis SYLIKIOTIS,124689
Fodé SYLLA,4358
Eleftherios SYNADINOS,125072
Károly Ferenc SZABÓ,34004
ZOLTAN SZABÓ,23809
József SZÁJER,23821
Tibor SZANYI,124703
Aleksander Marek SZCZYGŁO,23793
Csanád SZEGEDI,96855
Andrzej Jan SZEJNA,28382
Adam SZEJNFELD,124890
István SZENT-IVÁNYI,23830
Beata SZYDŁO,197553
Konrad SZYMAŃSKI,28358
Csaba Sándor TABAJDI,23808
Antonio TAJANI,2187
Hannu TAKKULA,28316
Dario TAMBURRANO,124813
Gianni TAMINO,2258
Claudiu Ciprian TĂNĂSESCU,96847
Paul TANG,125020
Christof TANNERT,2234
Charles TANNOCK,4521
Claudia ȚAPARDEL,124793
Bernard R. TAPIE,2127
Michael TAPPIN,2032
Marc TARABELLA,29579
Marco TARADASH,998
Andres TARAND,28980
Indrek TARAND,97136
Annalisa TARDINO,197806
Giuseppe TATARELLA,963
Salvatore TATARELLA,1945
Hughes TATILON,679
Christiane TAUBIRA-DELANNON,2137
Jacques TAURAN,979
Rui TAVARES,96821
Vera TAX,197756
John David TAYLOR,1504
John Mark TAYLOR,680
Keith TAYLOR,102931
Rebecca TAYLOR,112620
Djida TAZDAÏT,1119
Nuno TEIXEIRA,96974
Pavel TELIČKA,124706
Wilfried TELKÄMPER,1229
John David Edward TENNANT,197705
Cristian TERHEŞ,197655
Sampo TERHO,107385
Josep-Maria TERRICABRAS,124932
Anna TERRÓN i CUSÍ,1893
Hermann TERTSCH,197831
Robin TEVERSON,2138
Michel TEYCHENNÉ,94281
Zoran THALER,96727
Barbara THALER,197667
Bernard THAREAU,976
Diemut R. THEATO,1188
Alexandra THEIN,96874
Yvonne THÉOBALD-PAOLI,681
Eleni THEOCHAROUS,25704
Ioannis THEONAS,2188
Maj Britt THEORIN,2149
Michael THEURER,96871
Freddy THIELEMANS,4249
David Edward THOMAS,2060
Isabelle THOMAS,114279
Nicole THOMAS-MAURO,4381
Jacqueline THOME-PATENOTRE,1498
Britta THOMSEN,28153
Gaston THORN,677
Helle THORNING-SCHMIDT,4435
Astrid THORS,2305
Róża THUN UND HOHENSTEIN,96776
Marianne THYSSEN,1832
Silvia-Adriana ȚICĂU,36281
Richard TICE,197599
Stanislaw TILLICH,1861
Frans TIMMERMANS,129141
Irene TINAGLI,197591
Leo C. TINDEMANS,956
Radu ȚÎRLE,34005
Patrice TIROLIEN,97026
Jeffrey TITFORD,4515
Gary TITLEY,1311
Miloš TITZ,23710
Tomas TOBÉ,197402
Grzegorz TOBISZOWSKI,197559
Luisa TODINI,2255
Carlo TOGNOLI,1771
Patrizia TOIA,28340
Kyösti TOIVONEN,2126
László TŐKÉS,39726
Claus TOKSVIG,1623
Ivica TOLIĆ,185340
Irène TOLLERET,197547
Teun TOLMAN,1505
Horia-Victor TOMA,38421
Eugen TOMAC,197672
Jan Walenty TOMAKA,23778
Valdemar TOMAŠEVSKI,96697
Ruža TOMAŠIĆ,119431
Ewa TOMASZEWSKA,39022
Romana TOMC,125104
Witold TOMCZAK,24089
The Lord John E. TOMLINSON,1376
Carole TONGUE,1361
Yana TOOM,124700
Günter TOPMANN,1230
Ulla TØRNÆS,124880
José Manuel TORRES COUTO,1199
Helena TORRES MARQUES,2163
Estefanía TORRES MARTÍNEZ,131749
Enzo TORTORA,1724
Nils TORVALDS,114268
Evžen TOŠENOVSKÝ,96713
Flavio TOSI,124795
Edina TÓTH,27714
Giovanni TOTI,124764
Jacques TOUBON,28198
Raymond TOURRAIN,1509
Michel A.E.J. TOUSSAINT,1510
Marie TOUSSAINT,97236
Georgios TOUSSAS,28584
Isabella TOVAGLIERI,197580
Antonios TRAKATELLIS,2182
Catherine TRAUTMANN,1129
Giovanni TRAVAGLINI,682
Seán TREACY,674
Ulrike TREBESIUS,124829
Gino TREMATERRA,110987
Michail TREMOPOULOS,96909
Ramon TREMOSA i BALCELLS,97203
Bruno TRENTIN,4397
Kyriacos TRIANTAPHYLLIDES,28514
Alberto TRIDENTE,1507
Professor Véronique TRILLET-LENOIR,197593
Antonino TRIPODI,1729
Renzo TRIVELLI,1081
Antonio Michele TRIZZA,1951
László TRÓCSÁNYI,197894
Mylène TROSZCZYNSKI,124758
Helga TRÜPEL,28240
Osvalda TRUPIA,1497
Peter TRUSCOTT,2071
Rafał TRZASKOWSKI,96773
Dimitris TSATSOS,2176
Konstantinos TSIMAS,1047
Ioannis A. TSOUKALAS,96898
Frederick A. TUCKMAN,1506
Dragoş TUDORACHE,197665
Mihai TUDOSE,198183
Mihai ŢURCANU,131750
André TURCAT,675
Franz TURCHI,4742
Maurizio TURCO,4745
Claude TURMES,4432
Amédée E. TURNER,1377
Emilie TURUNEN,96703
Ian TWINN,25843
Alan R. TYRRELL,676
Evangelia TZAMPAZI,28581
Niki TZAVELA,96660
Ioannis TZOUNIS,1508
Feleknas UCA,4302
Jakob von UEXKÜLL,1499
Giommaria UGGIAS,97131
Margaretha af UGGLAS,2148
Milan UHRÍK,197763
Kazimierz Michał UJAZDOWSKI,23791
István UJHELYI,124705
Dick UKEIWÉ,1017
Jef L.E. ULBURGHS,1500
Wolfgang ULLMANN,1931
Thomas ULMER,28221
Marita ULVSKOG,96672
Traian UNGUREANU,96835
Miguel URBÁN CRESPO,131507
Ernest URTASUN,124972
Vladimir URUTCHEV,38601
Nils UŠAKOVS,197810
Viktor USPASKICH,96698
Roseline VACHETTA,4408
Josef VACULÍK,23849
Ágnes VADAI,23810
Corneliu VADIM TUDOR,96845
Inese VAIDERE,28617
Joaquim VAIRINHOS,4448
Ivo VAJGL,97019
Nikolaos VAKALIS,28573
Ramón Luis VALCÁRCEL SISO,125032
Jaime VALDIVIELSO DE CUÉ,1997
Adina-Ioana VĂLEAN,37324
Elena VALENCIANO,4334
Dacia VALENT,1066
Maurizio VALENZI,1495
Bodil VALERO,124993
Oleg VALJALO,119440
Marco VALLI,124778
Ángela VALLINA,125050
Joan VALLVÉ,1976
José VALVERDE LÓPEZ,1327
Antanas VALYS,23737
Monika VANA,124934
Anneleen VAN BOSSUYT,117491
Kathleen VAN BREMPT,5729
Jaak H.-A. VANDEMEULEBROUCKE,1470
Tom VANDENDRIESSCHE,185771
Tom VANDENKENDELAERE,129164
Herman F.G. VANDERPOORTEN,670
Luckas VANDER TAELEN,4245
Marcel Albert VANDEWIELE,659
Frank VANHECKE,1956
Johan VAN HECKE,4241
Marijke J.H. VAN HEMELDONCK,1430
Paul VANKERKHOVEN,671
Anne VAN LANCKER,1938
Jean-Marie VANLERENBERGHE,1496
Karel A.L.H. VAN MIERT,1775
Sir Peter B.R. VANNECK,1494
Geoffrey VAN ORDEN,4513
Lode J.C. VAN OUTRIVE,1285
Johan VAN OVERTVELDT,125106
Eric K.P. VAN ROMPUY,672
Kim VAN SPARRENTAK,197870
Alexandre VARAUT,5736
Mihail VARDAKAS,673
Daniel VARELA SUANZES-CARPEGNA,2000
Grigorios VARFIS,1611
Gyula VÁRI,23811
George VARNAVA,25894
Ioannis VARVITSIOTIS,28547
Pál VASTAGH,23812
Ari VATANEN,4256
Gianni VATTIMO,4398
Derek VAUGHAN,96918
Yannick VAUGRENARD,28175
Hilde VAUTMANS,130100
Paavo VÄYRYNEN,2128
Marie-Claude VAYSSADE,1173
Helena M. VAZ DA SILVA,2157
José VÁZQUEZ FOUZ,1328
Luciano VECCHI,1092
Marie-Pierre VEDRENNE,197502
Luis VEGA Y ESCANDON,1493
Mirja VEHKAPERÄ,193269
Simone VEIL,1174
George William VELLA,23937
Kyriakos VELOPOULOS,197747
Walter VELTRONI,4424
W.G. van VELZEN,1955
Wim van VELZEN,1142
Armando VENETO,36390
Riccardo VENTRE,28437
Donato Tommaso VERALDI,36394
Herman A. VERBEEK,1284
Josep VERDE I ALDEA,1319
Willem J. VERGEER,1489
Paul VERGÈS,1490
Marie-Christine VERGIAT,96858
Bernadette VERGNAUD,28177
Joris B. VERHAEGEN,653
Maxime J.M. VERHAGEN,1273
Sabine VERHEYEN,96756
Guy VERHOFSTADT,97058
Herman VERMEER,22197
Jacques VERNIER,1195
Willy VERNIMMEN,1491
Marcello VERNOLA,28439
Protogene VERONESI,654
Joannes J. VERROKEN,666
Luigi VERTEMATI,995
Yves VERWAERDE,1160
Birutė VĖSAITĖ,23739
Viliam VETEŠKA,23895
Heinz Oskar VETTER,1492
Françoise de VEYRINAS,22860
Nikolaos VGENOPOULOS,1554
Guido VICECONTE,2197
Alejo VIDAL-QUADRAS,4308
Daniel J.E. VIÉ,667
Miguel VIEGAS,125100
P.(Phili) J. VIEHOFF,1484
Rui VIEIRA,2275
Marie-Pierre VIEU,188721
Kristian VIGENIN,34232
José VILA ABELLÓ,26810
Harald VILIMSKY,125001
Celia VILLALOBOS TALERO,1989
Idoia VILLANUEVA RUIZ,197827
Philippe de VILLIERS,2212
Theresa VILLIERS,4520
Nikolaj VILLUMSEN,197571
Marta VINCENZI,28335
Luigi VINCI,1957
Loránt VINCZE,98582
Vincenzo VIOLA,2259
Daniele VIOTTI,124791
Ivar VIRGIN,2150
Henna VIRKKUNEN,124726
Kyösti VIRRANKOSKI,2306
Themistokles VISAS,655
Bruno VISENTINI,1082
Ben VISSER,1448
Cornelis VISSER,39534
Anders Primdahl VISTISEN,124875
Giuseppe VITALE,656
Silvio VITALE,1479
Petar VITANOV,197844
Justina VITKAUSKAITE BERNARD,30475
António VITORINO,2159
Kurt VITTINGHOFF,1231
Dimitrios VLAHOPOULOS,668
Oldřich VLASÁK,28323
Dominique VLASTO,5737
Caroline VOADEN,197749
Johannes VOGGENHUBER,2053
Manfred VOHRER,1070
Udo VOIGT,124832
Demetrio VOLCIC,4418
Bettina VOLLATH,197678
Viola VON CRAMON-TAUBADEL,197451
Anne VONDELING,652
Alexandr VONDRA,197537
Irina VON WIESE,197625
Axel VOSS,96761
Georgios VOYADZIS,669
Dominique VOYNET,1839
Elissavet VOZEMBERG-VRIONIDI,125065
Veronika VRECIONOVÁ,197552
Thomas von der VRING,1232
Nikola VULJANIĆ,112760
Lucia VUOLO,197798
Leen van der WAAL,1449
Peder WACHTMEISTER,23202
Susan A. WADDINGTON,2170
Antoine WAECHTER,1152
Sahra WAGENKNECHT,28250
Manfred W. WAGNER,1486
Tommy WAIDELICH,2151
Thomas WAITZ,190464
Jarosław WAŁĘSA,96774
Mick WALLACE,197817
Diana WALLIS,4544
Maria WALSH,197863
Marion WALSMANN,197429
Gerd WALTER,1233
Ralf WALTER,1910
Hanna WALZ,648
Jörgen WARBORN,197405
Julie WARD,124963
Fred A. WARNER,660
Witold Jan WASZCZYKOWSKI,197566
Sir Graham WATSON,2155
Mark Francis WATTS,2082
Kurt WAWRZIK,1487
Beate WEBER,1189
Henri WEBER,2319
Jup WEBER,2200
Manfred WEBER,28229
Renate WEBER,39713
Rüdiger von WECHMAR,1071
Rudolf WEDEKIND,1488
Josef WEIDENHOLZER,111014
Barbara WEILER,1907
Charlie WEIMERS,123562
Anja WEISGERBER,28227
Louise WEISS,647
Pernille WEISS,197515
Jakob von WEIZSÄCKER,124840
James WELLS,197757
Michael J. WELSH,1378
Rosemarie WEMHEUER,1912
Charles WENDELING,1476
Jerzy Jan WENDERLICH,23773
Bogdan Brunon WENTA,124903
Brigitte WENZEL-PERILLO,5689
Martina WERNER,124826
Angelika WERTHMANN,97016
Norman WEST,1379
Carlos WESTENDORP Y CABEZA,4330
Åsa WESTLUND,28130
Kerstin WESTPHAL,96839
Klaus H.W. WETTIG,1234
Ian WHITE,1303
Phillip WHITEHEAD,2174
John WHITTAKER,28509
Sören WIBE,2270
Right Honourable Ann WIDDECOMBE,197744
Marek Damian WIDUCH,23774
Jan-Kees WIEBENGA,1964
Heidemarie WIECZOREK-ZEUL,1502
Rainer WIELAND,2323
Andrzej WIELOWIEYSKI,93543
Sarah WIENER,197675
Lieve WIERINCK,183022
Jan Marinus WIERSMA,1952
Wojciech WIERZEJSKI,28344
Michal WIEZIK,197769
Anders WIJKMAN,4276
Florus A. WIJSENBEEK,1450
Marek Michał WIKIŃSKI,23775
Cecilia WIKSTRÖM,96677
Dame Glenis WILLMOTT,35743
Frederik A.A. WILLOCKX,1937
Sabine WILS,96741
Anthony Joseph (Joe) WILSON,1218
Kristina WINBERG,124995
Małgorzata WINIARCZYK-KOSSAKOWSKA,23777
Hermann WINKLER,96764
Iuliu WINKLER,39725
Babette WINTER,195912
Angelika WINZIG,197652
Thomas WISE,28496
Isabel WISELER-LIMA,197421
Jadwiga WIŚNIEWSKA,124877
Genowefa WIŚNIOWSKA,23795
Edmund Kazimierz WITTBRODT,23880
Jacek WŁOSOWICZ,96802
Karl von WOGAU,1224
Joseph WOHLFART,1485
Lars WOHLIN,28144
Bernard WOJCIECHOWSKI,34720
Janusz WOJCIECHOWSKI,23784
Friedrich WOLF,1932
Claude WOLFF,1482
Tiemo WÖLKEN,185619
Jean WOLTER,662
Lara WOLTERS,5392
Eisso P. WOLTJER,1440
Steven WOOLFE,124966
Corien WORTMANN-KOOL,28167
Joachim WUERMELING,4291
Matti WUORI,4261
Francis WURTZ,1018
Eurig WYN,4551
Terence WYNN,1295
Stavros XARCHAKOS,5954
Marilisa XENOGIANNAKOPOULOU,28577
Luis YÁÑEZ-BARNUEVO GARCÍA,28278
Marina YANNAKOUDAKIS,96944
Salima YENBOU,197511
Stéphanie YON-COURTIN,197581
Elena YONCHEVA,197842
Theresa ZABELL,4312
Zbyszek ZABOROWSKI,27833
Anna ZÁBORSKÁ,23894
Benigno ZACCAGNINI,663
Christos ZACHARAKIS,4473
Chrysoula ZACHAROPOULOU,197499
Mario ZAGARI,1480
Theodoros ZAGORAKIS,125067
Hans-Jürgen ZAHORKA,1483
Jan ZAHRADIL,23712
Boris ZALA,96656
Pablo ZALBA BIDEGAIN,96763
Zbigniew ZALESKI,28300
Anna ZALEWSKA,197572
Paweł ZALEWSKI,96777
Stefania ZAMBELLI,197586
Dan Dumitru ZAMFIRESCU,117119
Francis ZAMMIT DIMECH,188906
Mauro ZANI,28414
Iva ZANICCHI,41007
Marco ZANNI,124780
Flavio ZANONATO,124800
Andrea ZANONI,108329
Andrzej Tomasz ZAPAŁOWSKI,33946
Stefano ZAPPALA',4433
Nikos ZARDINIDIS,664
Axel N. ZARGES,1225
Sotirios ZARIANOPOULOS,125090
Javier ZARZALEJOS,197606
Artur ZASADA,96778
Tomáš ZATLOUKAL,28351
Georgios ZAVVOS,923
Tatjana ŽDANOKA,28619
Tomáš ZDECHOVSKÝ,124713
Dushana ZDRAVKOVA,38604
Bogdan Andrzej ZDROJEWSKI,124893
Ortensio ZECCHINO,665
Vladimír ŽELEZNÝ,28357
Adrien G.H. ZELLER,1153
Joachim ZELLER,96762
Janusz ZEMKE,96784
Marian ŻENKIEWICZ,23721
Karim ZÉRIBI,113890
Ioannis ZIAGAS,657
Rudolf ŽIAK,23878
Josef ZIELENIEC,28348
Ioannis ZIGHDIS,658
Auke ZIJLSTRA,103246
Roberts ZĪLE,28615
François ZIMERAY,4317
Gabriele ZIMMER,28248
Jürgen ZIMMERLING,4281
Wilmya ZIMMERMANN,2223
Bernhard ZIMNIOK,197489
Nicola ZINGARETTI,28419
Zbigniew ZIOBRO,96803
Sabine ZISSENER,4284
Jana ŽITŇANSKÁ,124901
MARIAN ZLOTEA,39709
Kosma ZŁOTOWSKI,124884
Maria Gabriela ZOANĂ,191377
Damiano ZOFFOLI,131051
Juan Ignacio ZOIDO ÁLVAREZ,197621
Stanisław ŻÓŁTEK,124902
Myrsini ZORBA,5896
Carlos ZORRINHO,124739
Spyridon ZOURNATZIS,1481
Željana ZOVKO,185341
Olga ZRIHEN,6048
Inês Cristina ZUBER,111589
Marco ZULLO,125237
Milan ZVER,96933
Jaroslav ZVĚŘINA,28921
Tadeusz ZWIEFKA,28301
